G-ID,"Ann.Mean_Crime_0","Total_Crime_0","Ann.Mean_Crime_1","Total_Crime_1","Ann.Mean_Crime_2","Total_Crime_2","Ann.Mean_Crime_3","Total_Crime_3","Ann.Mean_Crime_4","Total_Crime_4","Ann.Mean_Crime_5","Total_Crime_5","Ann.Mean_Crime_6","Total_Crime_6","Ann.Mean_Crime_7","Total_Crime_7","Ann.Mean_Crime_8","Total_Crime_8","Ann.Mean_Crime_9","Total_Crime_9","Ann.Mean_Crime_10","Total_Crime_10","Ann.Mean_Crime_11","Total_Crime_11"
201,494.67,5936,576.5,6918,356.42,4277,535.92,6431,133.25,1599,269.83,3238,2.42,29,138.92,1667,2474.67,29696,169.75,2037,4680.17,56162,103.58,1243
203,117.17,1406,374.5,4494,146.92,1763,398.67,4784,62.5,750,56.08,673,0.75,9,195.83,2350,597.08,7165,27.58,331,826.25,9915,20.75,249
204,144.75,1737,267.08,3205,153.08,1837,494.83,5938,104.17,1250,42.5,510,1.67,20,207.83,2494,481.42,5777,62.25,747,798.17,9578,49.17,590
205,57.5,690,288.08,3457,53.08,637,206.33,2476,77.67,932,49.17,590,0.83,10,14.42,173,272.75,3273,20.83,250,729.5,8754,15.25,183
206,36.0,432,248.83,2986,50.75,609,206.83,2482,32.0,384,29.17,350,1.42,17,14.67,176,175.0,2100,15.42,185,576.17,6914,11.25,135
207,70.5,846,245.5,2946,98.67,1184,359.5,4314,58.67,704,34.33,412,1.33,16,22.17,266,188.25,2259,28.33,340,487.67,5852,22.42,269
208,94.25,1131,223.92,2687,199.75,2397,385.33,4624,63.83,766,23.25,279,0.33,4,25.75,309,220.42,2645,34.92,419,443.58,5323,38.58,463
209,96.33,1156,194.83,2338,280.75,3369,419.42,5033,103.42,1241,34.75,417,1.0,12,58.83,706,458.42,5501,30.08,361,561.67,6740,41.58,499
2010,69.0,828,191.67,2300,83.0,996,279.5,3354,95.42,1145,43.67,524,1.42,17,26.17,314,195.0,2340,20.75,249,652.67,7832,15.17,182
2011,39.75,477,81.58,979,20.92,251,119.83,1438,22.67,272,11.58,139,0.17,2,7.42,89,141.92,1703,9.75,117,173.0,2076,3.67,44
2012,115.83,1390,293.08,3517,213.92,2567,520.0,6240,127.5,1530,59.92,719,1.33,16,67.83,814,332.67,3992,48.25,579,957.33,11488,49.5,594
2013,135.58,1627,197.75,2373,275.08,3301,431.92,5183,89.33,1072,35.0,420,1.08,13,155.0,1860,276.25,3315,35.42,425,926.67,11120,54.67,656
2014,24.17,290,104.75,1257,19.67,236,92.42,1109,35.17,422,12.17,146,0.25,3,4.33,52,58.0,696,10.08,121,275.67,3308,5.58,67
2015,108.5,1302,434.67,5216,235.33,2824,414.5,4974,97.75,1173,51.0,612,0.92,11,36.17,434,395.5,4746,35.83,430,847.08,10165,21.5,258
2016,346.08,4153,831.08,9973,523.92,6287,1045.83,12550,249.92,2999,84.92,1019,2.58,31,305.25,3663,819.67,9836,103.58,1243,1841.0,22092,96.42,1157
2017,80.92,971,288.92,3467,140.67,1688,294.75,3537,46.92,563,45.75,549,0.75,9,19.08,229,284.67,3416,25.83,310,725.58,8707,13.75,165
2018,49.75,597,238.42,2861,114.92,1379,236.67,2840,73.83,886,27.83,334,0.42,5,13.83,166,137.42,1649,21.25,255,455.83,5470,14.5,174
2019,117.92,1415,309.25,3711,93.92,1127,386.25,4635,124.83,1498,51.17,614,0.92,11,24.58,295,307.58,3691,57.83,694,933.17,11198,21.25,255
2021,165.17,1982,160.0,1920,214.17,2570,432.75,5193,84.25,1011,25.5,306,1.25,15,33.92,407,313.67,3764,44.92,539,567.92,6815,48.58,583
2022,11.33,136,3.83,46,34.25,411,23.83,286,21.5,258,82.67,992,5.0,60,9.17,110,83.33,1000,0.25,3,181.17,2174,13.5,162
2023,129.92,1559,274.5,3294,463.67,5564,529.75,6357,133.25,1599,41.25,495,1.42,17,101.25,1215,417.33,5008,61.83,742,894.5,10734,75.17,902
2024,52.92,635,185.67,2228,59.0,708,235.08,2821,32.17,386,23.17,278,0.42,5,8.67,104,181.08,2173,13.5,162,416.75,5001,8.25,99
2025,129.42,1553,241.0,2892,303.5,3642,375.5,4506,134.83,1618,60.17,722,1.58,19,176.0,2112,405.92,4871,25.42,305,877.0,10524,21.83,262
2026,49.67,596,165.08,1981,74.25,891,204.67,2456,42.33,508,21.67,260,0.25,3,16.0,192,148.5,1782,30.25,363,336.33,4036,15.5,186
2027,77.83,934,291.83,3502,80.17,962,330.83,3970,68.67,824,37.0,444,0.25,3,20.25,243,220.0,2640,45.92,551,711.08,8533,19.25,231
2028,69.25,831,131.58,1579,116.83,1402,333.42,4001,51.17,614,26.0,312,0.42,5,18.67,224,190.17,2282,28.67,344,501.08,6013,17.5,210
2029,31.33,376,140.25,1683,40.92,491,155.58,1867,31.42,377,14.92,179,0.33,4,9.42,113,120.42,1445,14.75,177,317.58,3811,9.67,116
2030,133.33,1600,251.08,3013,357.42,4289,615.42,7385,110.0,1320,50.58,607,1.67,20,46.75,561,424.42,5093,84.42,1013,973.58,11683,77.25,927
2031,216.92,2603,549.17,6590,295.08,3541,949.75,11397,289.75,3477,134.17,1610,3.33,40,357.83,4294,576.5,6918,117.67,1412,2243.42,26921,82.75,993
2032,291.67,3500,295.42,3545,509.25,6111,569.33,6832,121.75,1461,197.0,2364,2.17,26,165.25,1983,2022.33,24268,127.5,1530,4694.5,56334,122.25,1467
2033,133.17,1598,244.08,2929,175.0,2100,389.67,4676,67.83,814,47.5,570,1.08,13,30.83,370,349.25,4191,82.67,992,861.58,10339,55.25,663
2034,150.5,1806,284.83,3418,171.42,2057,380.92,4571,70.42,845,66.58,799,1.17,14,122.42,1469,372.25,4467,64.08,769,840.92,10091,40.92,491
2035,126.25,1515,210.33,2524,237.08,2845,506.08,6073,93.0,1116,49.83,598,1.83,22,3134.33,37612,512.83,6154,64.0,768,856.92,10283,68.83,826
2036,168.83,2026,350.75,4209,329.83,3958,464.83,5578,105.17,1262,66.83,802,1.25,15,57.75,693,624.33,7492,89.25,1071,1016.5,12198,63.25,759
2039,54.08,649,233.17,2798,49.5,594,182.33,2188,38.0,456,18.42,221,0.75,9,13.42,161,131.17,1574,14.42,173,392.83,4714,9.33,112
2040,129.92,1559,295.58,3547,203.0,2436,404.5,4854,88.83,1066,42.25,507,0.33,4,116.75,1401,513.0,6156,26.08,313,686.33,8236,37.33,448
2041,5.58,67,29.42,353,8.0,96,37.92,455,4.17,50,1.17,14,0.0,0,1.0,12,8.92,107,1.42,17,75.92,911,1.25,15
2042,78.83,946,165.0,1980,80.75,969,266.92,3203,39.0,468,14.5,174,0.75,9,16.5,198,189.0,2268,17.33,208,341.83,4102,14.75,177
2043,47.5,570,162.5,1950,33.08,397,159.75,1917,29.83,358,16.08,193,0.33,4,8.42,101,126.58,1519,7.08,85,301.33,3616,8.25,99
2044,60.92,731,279.67,3356,75.33,904,195.75,2349,49.67,596,49.42,593,0.25,3,14.58,175,242.42,2909,17.33,208,560.33,6724,11.5,138
2045,91.5,1098,477.25,5727,198.42,2381,422.08,5065,83.58,1003,75.58,907,0.75,9,30.33,364,304.5,3654,29.25,351,1195.75,14349,17.67,212
2047,167.0,2004,367.75,4413,163.5,1962,428.42,5141,151.58,1819,53.92,647,1.42,17,76.58,919,533.67,6404,24.0,288,727.25,8727,31.92,383
2048,10.33,124,42.58,511,3.08,37,36.33,436,10.67,128,2.33,28,0.33,4,0.92,11,10.75,129,0.92,11,81.0,972,1.75,21
2049,8.58,103,22.17,266,5.0,60,24.5,294,3.33,40,0.33,4,0.33,4,1.75,21,7.25,87,0.5,6,48.0,576,1.0,12
2050,16.08,193,25.75,309,4.33,52,30.75,369,10.58,127,4.08,49,0.17,2,2.0,24,20.25,243,0.75,9,49.0,588,1.5,18
2051,42.33,508,114.33,1372,31.0,372,122.42,1469,39.67,476,10.25,123,0.33,4,2.5,30,65.0,780,6.58,79,274.25,3291,5.25,63
2052,203.33,2440,327.25,3927,116.17,1394,606.67,7280,177.08,2125,77.83,934,1.33,16,73.75,885,558.83,6706,34.17,410,864.17,10370,42.25,507
2053,13.17,158,22.17,266,1.83,22,43.83,526,6.33,76,2.33,28,0.0,0,1.92,23,22.33,268,0.92,11,55.0,660,1.25,15
2054,1.75,21,12.83,154,0.75,9,10.67,128,5.42,65,1.0,12,0.0,0,2.17,26,4.33,52,0.75,9,20.92,251,0.42,5
2055,9.17,110,20.25,243,2.33,28,29.83,358,6.5,78,3.5,42,0.0,0,1.42,17,12.67,152,1.25,15,53.75,645,4.33,52
2056,3.17,38,11.42,137,1.17,14,19.67,236,2.75,33,1.0,12,0.0,0,0.83,10,9.33,112,0.58,7,26.58,319,0.5,6
2057,5.67,68,15.25,183,0.67,8,14.25,171,4.58,55,1.0,12,0.08,1,1.33,16,6.08,73,0.5,6,24.25,291,0.5,6
2058,53.5,642,60.08,721,24.33,292,78.08,937,42.08,505,14.42,173,0.17,2,14.17,170,102.92,1235,2.0,24,143.5,1722,5.58,67
2060,21.92,263,27.08,325,6.33,76,28.25,339,9.92,119,2.75,33,0.08,1,1.75,21,35.08,421,1.25,15,54.17,650,1.83,22
2061,11.5,138,14.58,175,3.83,46,15.75,189,4.25,51,1.75,21,0.0,0,1.33,16,10.0,120,0.5,6,26.67,320,1.92,23
2062,16.25,195,21.08,253,4.42,53,21.42,257,10.58,127,3.0,36,0.17,2,1.25,15,20.58,247,0.92,11,38.25,459,1.0,12
2063,8.25,99,28.08,337,3.17,38,12.75,153,6.17,74,1.0,12,0.0,0,0.92,11,6.58,79,0.42,5,34.83,418,0.58,7
2064,40.0,480,77.0,924,31.08,373,81.5,978,47.75,573,18.83,226,0.08,1,24.75,297,103.42,1241,3.08,37,157.67,1892,7.33,88
2065,36.25,435,73.83,886,15.0,180,65.0,780,26.75,321,11.08,133,0.08,1,2.0,24,41.5,498,6.83,82,181.83,2182,4.0,48
2067,24.33,292,58.17,698,7.08,85,38.0,456,23.0,276,6.58,79,0.0,0,13.67,164,31.08,373,2.58,31,111.5,1338,1.75,21
2068,5.75,69,16.0,192,1.83,22,12.75,153,3.25,39,0.5,6,0.0,0,1.0,12,6.0,72,0.5,6,27.25,327,0.58,7
2069,24.17,290,65.0,780,8.83,106,51.92,623,13.92,167,6.83,82,0.0,0,14.33,172,35.33,424,3.0,36,123.0,1476,2.75,33
2070,4.58,55,23.0,276,4.08,49,14.0,168,10.5,126,2.33,28,0.0,0,1.0,12,7.33,88,0.83,10,32.83,394,0.5,6
2071,11.75,141,27.67,332,3.25,39,23.75,285,13.83,166,4.58,55,0.08,1,0.75,9,17.67,212,1.58,19,63.17,758,1.5,18
2072,79.0,948,138.17,1658,68.83,826,198.0,2376,75.83,910,57.17,686,0.67,8,50.25,603,168.17,2018,12.75,153,386.0,4632,14.0,168
2073,28.17,338,57.25,687,12.0,144,79.17,950,20.0,240,6.17,74,0.17,2,4.17,50,52.17,626,4.58,55,106.5,1278,2.5,30
2074,34.67,416,79.42,953,21.67,260,82.42,989,47.75,573,8.17,98,0.17,2,8.58,103,58.08,697,6.08,73,248.17,2978,5.25,63
2076,3.42,41,18.17,218,2.42,29,7.42,89,3.83,46,0.75,9,0.0,0,0.67,8,3.92,47,0.75,9,32.5,390,0.58,7
2077,52.5,630,108.33,1300,48.17,578,95.17,1142,67.17,806,22.67,272,0.33,4,9.83,118,127.08,1525,7.25,87,329.75,3957,8.08,97
2078,88.92,1067,189.33,2272,82.0,984,225.83,2710,118.5,1422,28.83,346,0.58,7,78.58,943,283.25,3399,15.67,188,555.08,6661,20.33,244
2079,29.25,351,62.17,746,7.5,90,67.0,804,18.83,226,9.33,112,0.5,6,6.67,80,34.0,408,2.0,24,103.83,1246,2.5,30
2080,3.92,47,13.83,166,1.0,12,10.08,121,3.17,38,0.83,10,0.0,0,0.42,5,3.25,39,0.25,3,25.83,310,0.25,3
2081,14.5,174,57.5,690,4.92,59,46.33,556,10.58,127,4.17,50,0.08,1,2.08,25,17.33,208,2.08,25,87.33,1048,1.92,23
2082,7.75,93,34.83,418,15.25,183,20.42,245,6.42,77,1.25,15,0.17,2,1.67,20,13.42,161,0.25,3,57.83,694,0.42,5
2083,127.25,1527,143.58,1723,120.17,1442,291.92,3503,143.25,1719,39.5,474,1.08,13,93.33,1120,462.67,5552,10.67,128,457.33,5488,19.33,232
2084,6.83,82,14.33,172,2.42,29,14.5,174,6.0,72,2.92,35,0.08,1,2.25,27,8.67,104,0.58,7,24.25,291,0.67,8
2085,16.67,200,31.42,377,5.42,65,36.58,439,16.92,203,3.92,47,0.0,0,3.17,38,32.83,394,1.75,21,57.92,695,1.0,12
2086,7.83,94,17.17,206,3.67,44,12.42,149,8.25,99,1.58,19,0.0,0,1.17,14,24.25,291,0.58,7,28.0,336,1.17,14
2088,7.83,94,21.17,254,25.33,304,15.58,187,10.83,130,1.33,16,0.08,1,1.33,16,15.0,180,0.67,8,32.08,385,0.67,8
2089,117.92,1415,208.75,2505,100.0,1200,247.42,2969,96.0,1152,32.67,392,0.92,11,46.42,557,384.58,4615,13.08,157,484.5,5814,22.17,266
2091,1.75,21,7.75,93,0.17,2,2.75,33,2.0,24,0.42,5,0.0,0,0.83,10,2.58,31,0.08,1,9.67,116,0.5,6
2093,8.75,105,26.33,316,1.58,19,15.67,188,8.75,105,2.33,28,0.0,0,1.17,14,9.0,108,0.5,6,44.08,529,0.42,5
2094,10.25,123,24.75,297,4.5,54,22.5,270,14.33,172,3.25,39,0.0,0,1.08,13,19.5,234,0.83,10,36.58,439,1.42,17
2095,15.67,188,31.17,374,3.67,44,32.17,386,8.33,100,2.25,27,0.08,1,1.58,19,28.75,345,0.58,7,38.42,461,1.25,15
2096,90.17,1082,113.25,1359,73.08,877,146.5,1758,76.08,913,29.75,357,0.58,7,34.42,413,210.5,2526,6.17,74,275.75,3309,16.25,195
2097,7.67,92,7.42,89,1.33,16,8.42,101,6.17,74,1.5,18,0.0,0,1.92,23,12.25,147,0.0,0,12.75,153,0.17,2
2098,3.58,43,8.5,102,0.92,11,7.75,93,3.08,37,0.67,8,0.0,0,0.33,4,1.58,19,0.17,2,12.75,153,0.33,4
20101,6.25,75,11.67,140,1.83,22,11.67,140,4.83,58,2.58,31,0.08,1,0.08,1,12.75,153,0.25,3,23.92,287,0.25,3
20103,17.67,212,31.67,380,7.75,93,31.17,374,15.17,182,4.33,52,0.0,0,4.5,54,32.67,392,0.92,11,44.0,528,2.17,26
20105,24.0,288,38.33,460,11.08,133,36.08,433,14.25,171,4.17,50,0.42,5,3.42,41,30.67,368,1.75,21,53.58,643,4.08,49
20106,3.25,39,5.92,71,0.33,4,3.42,41,1.75,21,0.42,5,0.0,0,0.33,4,4.42,53,0.08,1,6.67,80,0.08,1
20107,5.5,66,13.92,167,1.17,14,9.5,114,4.42,53,1.17,14,0.0,0,0.42,5,10.33,124,0.33,4,16.17,194,0.33,4
20108,10.42,125,25.5,306,7.08,85,20.17,242,6.75,81,1.75,21,0.0,0,3.0,36,14.0,168,0.5,6,39.75,477,0.5,6
20109,2.58,31,11.17,134,1.42,17,7.17,86,3.83,46,0.5,6,0.0,0,0.17,2,3.75,45,0.08,1,20.67,248,0.25,3
20111,117.67,1412,147.67,1772,159.92,1919,209.92,2519,102.08,1225,35.17,422,0.67,8,64.42,773,261.58,3139,9.58,115,497.33,5968,14.25,171
20112,29.92,359,39.5,474,16.83,202,56.08,673,12.75,153,5.17,62,0.25,3,4.75,57,42.33,508,1.83,22,73.42,881,6.25,75
20113,16.83,202,40.58,487,4.75,57,28.58,343,11.25,135,3.25,39,0.17,2,2.5,30,14.33,172,1.25,15,45.33,544,1.5,18
20114,38.5,462,74.17,890,32.17,386,72.25,867,30.17,362,8.58,103,0.33,4,8.42,101,66.75,801,3.42,41,136.92,1643,6.83,82
20115,6.83,82,22.5,270,227.25,2727,11.75,141,10.92,131,2.25,27,0.08,1,0.58,7,19.58,235,1.08,13,55.17,662,1.83,22
20116,3.0,36,7.33,88,0.92,11,9.33,112,2.58,31,0.42,5,0.0,0,0.42,5,3.92,47,0.08,1,9.83,118,0.58,7
20117,16.08,193,38.17,458,9.5,114,30.25,363,21.17,254,3.42,41,0.25,3,2.0,24,27.92,335,0.5,6,68.42,821,1.5,18
20119,5.17,62,14.67,176,4.08,49,8.5,102,6.83,82,1.08,13,0.17,2,0.5,6,14.08,169,0.33,4,21.5,258,0.58,7
20120,9.42,113,18.17,218,2.67,32,12.58,151,6.42,77,1.42,17,0.0,0,0.58,7,15.33,184,0.33,4,24.58,295,0.67,8
20121,9.5,114,22.58,271,1.92,23,17.83,214,3.67,44,1.0,12,0.08,1,1.92,23,11.67,140,0.42,5,28.25,339,1.0,12
20122,4.92,59,21.33,256,2.92,35,13.17,158,4.33,52,0.75,9,0.0,0,0.58,7,6.75,81,0.58,7,26.92,323,0.58,7
20124,2.5,30,14.17,170,1.83,22,5.33,64,4.92,59,1.67,20,0.08,1,0.17,2,4.92,59,0.0,0,17.08,205,0.25,3
20125,42.0,504,46.5,558,31.0,372,69.42,833,24.17,290,8.75,105,0.0,0,10.25,123,81.5,978,2.42,29,110.75,1329,6.75,81
20126,10.42,125,7.5,90,2.92,35,12.25,147,6.58,79,1.08,13,0.0,0,0.83,10,19.08,229,0.17,2,21.92,263,0.83,10
20127,7.58,91,7.5,90,1.58,19,8.83,106,5.25,63,0.83,10,0.0,0,0.92,11,10.67,128,0.17,2,15.08,181,1.25,15
20128,8.83,106,15.25,183,2.33,28,14.58,175,7.42,89,1.92,23,0.17,2,1.58,19,15.25,183,0.0,0,27.08,325,1.08,13
20129,6.83,82,9.58,115,1.67,20,14.92,179,3.92,47,0.83,10,0.0,0,0.75,9,9.08,109,0.08,1,16.17,194,0.83,10
20130,2.08,25,8.0,96,1.5,18,4.67,56,1.5,18,0.25,3,0.0,0,0.25,3,4.75,57,0.08,1,11.33,136,0.25,3
20131,3.08,37,7.42,89,1.33,16,6.92,83,2.58,31,0.83,10,0.0,0,0.25,3,11.75,141,0.08,1,10.0,120,0.5,6
20133,2.0,24,4.42,53,0.17,2,2.92,35,1.42,17,0.33,4,0.08,1,0.08,1,6.25,75,0.17,2,6.83,82,0.25,3
20134,104.33,1252,127.25,1527,85.33,1024,174.0,2088,86.17,1034,33.83,406,0.08,1,57.75,693,337.42,4049,3.75,45,348.25,4179,21.42,257
20135,15.75,189,25.08,301,11.08,133,44.08,529,11.08,133,4.75,57,0.0,0,2.17,26,32.08,385,0.92,11,45.5,546,5.08,61
20136,3.08,37,9.92,119,1.25,15,6.42,77,0.92,11,0.33,4,0.0,0,0.5,6,2.0,24,0.25,3,12.0,144,0.25,3
20137,10.58,127,15.75,189,3.0,36,11.42,137,6.17,74,1.92,23,0.0,0,2.0,24,16.58,199,0.5,6,22.67,272,1.58,19
20138,38.08,457,63.58,763,22.33,268,65.0,780,22.83,274,6.58,79,0.25,3,7.67,92,60.08,721,2.58,31,93.92,1127,5.75,69
20139,7.0,84,15.42,185,2.25,27,8.67,104,3.58,43,1.33,16,0.08,1,0.5,6,6.83,82,0.08,1,18.42,221,0.58,7
20141,112.42,1349,260.92,3131,336.08,4033,275.42,3305,139.92,1679,51.17,614,0.92,11,93.75,1125,327.17,3926,15.0,180,672.0,8064,16.0,192
20142,37.0,444,129.83,1558,41.17,494,124.92,1499,27.67,332,13.92,167,0.42,5,7.17,86,74.33,892,7.92,95,293.67,3524,5.33,64
20143,33.42,401,91.58,1099,26.58,319,72.67,872,31.08,373,6.92,83,0.25,3,3.75,45,38.92,467,7.67,92,156.25,1875,4.75,57
20145,48.33,580,123.83,1486,14.0,168,119.33,1432,38.42,461,15.75,189,0.17,2,4.08,49,117.17,1406,9.83,118,304.5,3654,2.5,30
20146,47.25,567,65.5,786,28.42,341,88.33,1060,38.17,458,16.5,198,0.17,2,9.42,113,122.0,1464,5.08,61,158.92,1907,5.83,70
20147,18.25,219,42.33,508,12.75,153,32.5,390,10.92,131,1.75,21,0.08,1,4.5,54,15.83,190,2.67,32,55.42,665,2.5,30
20148,20.0,240,71.83,862,12.67,152,41.08,493,17.83,214,5.92,71,0.08,1,2.92,35,31.92,383,2.42,29,91.0,1092,1.58,19
20149,21.58,259,41.17,494,10.33,124,37.75,453,10.08,121,4.75,57,0.08,1,1.58,19,23.08,277,3.0,36,82.75,993,2.0,24
20150,98.0,1176,184.33,2212,81.08,973,160.33,1924,68.58,823,22.33,268,0.67,8,12.58,151,188.17,2258,14.17,170,359.75,4317,11.67,140
20151,18.0,216,27.33,328,2.67,32,27.25,327,4.58,55,1.5,18,0.08,1,1.0,12,21.33,256,0.83,10,51.75,621,1.17,14
20153,10.42,125,34.92,419,3.25,39,28.83,346,9.42,113,1.25,15,0.08,1,1.42,17,9.0,108,1.25,15,61.17,734,2.83,34
20154,170.0,2040,245.42,2945,193.67,2324,313.92,3767,126.17,1514,31.33,376,0.5,6,59.67,716,511.42,6137,18.42,221,618.17,7418,19.25,231
20156,17.75,213,59.75,717,10.92,131,41.75,501,15.75,189,3.33,40,0.25,3,3.17,38,30.75,369,1.75,21,70.5,846,1.92,23
20157,4.25,51,25.75,309,3.25,39,10.08,121,5.0,60,1.42,17,0.0,0,0.67,8,4.17,50,0.83,10,20.83,250,0.5,6
20158,3.33,40,7.25,87,1.25,15,4.67,56,2.67,32,0.42,5,0.0,0,0.58,7,2.17,26,0.33,4,10.58,127,0.25,3
20159,28.33,340,53.33,640,10.58,127,62.92,755,14.0,168,4.67,56,0.08,1,2.0,24,50.25,603,0.92,11,76.33,916,3.17,38
20160,68.0,816,130.5,1566,31.83,382,132.42,1589,43.25,519,12.75,153,0.75,9,17.83,214,116.25,1395,11.75,141,188.75,2265,10.25,123
20161,9.58,115,37.0,444,3.33,40,20.67,248,9.08,109,1.08,13,0.08,1,1.08,13,4.92,59,2.17,26,41.58,499,0.92,11
20162,20.75,249,55.42,665,11.83,142,42.42,509,17.08,205,6.58,79,0.0,0,7.25,87,38.33,460,1.42,17,73.92,887,2.83,34
20163,25.08,301,69.67,836,29.0,348,71.92,863,26.5,318,6.75,81,0.42,5,2.58,31,49.42,593,1.83,22,161.67,1940,2.83,34
20164,6.0,72,24.75,297,1.92,23,13.5,162,4.33,52,0.83,10,0.17,2,0.5,6,16.25,195,0.5,6,24.75,297,0.33,4
20167,5.08,61,15.33,184,1.67,20,6.25,75,3.33,40,0.17,2,0.0,0,0.0,0,2.17,26,0.25,3,20.17,242,0.33,4
20168,5.83,70,17.17,206,0.83,10,11.0,132,4.75,57,0.83,10,0.0,0,0.5,6,3.08,37,0.75,9,16.83,202,0.5,6
20169,4.17,50,10.83,130,3.33,40,7.08,85,2.08,25,0.92,11,0.08,1,0.58,7,5.0,60,1.08,13,12.67,152,0.5,6
20170,3.75,45,11.33,136,3.5,42,12.0,144,2.58,31,0.5,6,0.08,1,0.42,5,4.58,55,0.17,2,9.0,108,0.58,7
20172,95.58,1147,171.17,2054,145.25,1743,247.58,2971,108.83,1306,39.83,478,0.67,8,56.17,674,385.17,4622,6.92,83,456.25,5475,18.0,216
20173,6.92,83,19.75,237,5.75,69,23.92,287,11.5,138,2.75,33,0.08,1,1.67,20,13.83,166,0.17,2,29.17,350,0.67,8
20175,7.08,85,19.67,236,4.58,55,17.67,212,8.17,98,2.08,25,0.0,0,2.42,29,8.25,99,0.33,4,40.5,486,0.83,10
20176,10.67,128,24.5,294,8.75,105,22.92,275,8.83,106,0.75,9,0.08,1,2.83,34,6.92,83,0.17,2,32.08,385,1.08,13
20177,3.42,41,10.0,120,3.25,39,5.67,68,4.08,49,1.0,12,0.0,0,0.67,8,2.25,27,0.0,0,8.58,103,0.08,1
20178,10.08,121,25.83,310,4.17,50,17.42,209,5.92,71,1.83,22,0.08,1,1.42,17,9.92,119,0.42,5,29.17,350,1.33,16
20179,11.92,143,25.83,310,8.25,99,22.42,269,8.33,100,6.42,77,0.08,1,5.58,67,15.5,186,0.08,1,34.83,418,1.17,14
20180,50.75,609,105.75,1269,40.0,480,90.08,1081,71.25,855,14.58,175,0.33,4,31.08,373,185.0,2220,3.08,37,201.92,2423,9.08,109
20181,19.58,235,50.58,607,3.58,43,31.5,378,13.42,161,3.92,47,0.08,1,2.0,24,27.58,331,0.75,9,65.5,786,2.0,24
20182,17.75,213,65.83,790,12.17,146,40.25,483,20.5,246,0.92,11,0.08,1,2.67,32,29.58,355,1.83,22,77.42,929,2.83,34
20183,76.25,915,100.67,1208,97.33,1168,130.17,1562,48.17,578,16.25,195,0.5,6,61.33,736,186.08,2233,6.0,72,240.25,2883,13.67,164
20184,7.42,89,22.42,269,4.25,51,13.33,160,4.83,58,1.33,16,0.08,1,0.33,4,7.33,88,0.58,7,24.17,290,1.25,15
20185,73.42,881,106.75,1281,60.5,726,151.67,1820,66.92,803,23.25,279,0.08,1,19.67,236,209.0,2508,3.25,39,228.83,2746,7.5,90
20186,5.67,68,23.25,279,6.67,80,17.83,214,7.42,89,2.25,27,0.17,2,0.83,10,8.08,97,0.42,5,38.92,467,1.25,15
20187,7.5,90,23.75,285,3.0,36,17.67,212,6.75,81,2.0,24,0.25,3,1.25,15,14.33,172,0.25,3,36.33,436,0.58,7
20189,4.33,52,14.25,171,3.08,37,8.42,101,7.92,95,0.42,5,0.0,0,0.33,4,6.58,79,0.08,1,15.83,190,0.67,8
20190,6.92,83,15.08,181,2.08,25,11.0,132,5.25,63,1.33,16,0.0,0,0.42,5,4.83,58,0.25,3,20.42,245,0.67,8
20191,6.42,77,17.58,211,3.92,47,13.58,163,4.83,58,2.42,29,0.08,1,1.0,12,5.75,69,0.08,1,26.0,312,0.75,9
20192,58.17,698,82.17,986,42.58,511,101.25,1215,46.92,563,13.08,157,0.25,3,11.17,134,145.58,1747,2.17,26,145.67,1748,6.83,82
20193,4.17,50,10.17,122,5.25,63,10.17,122,4.0,48,0.5,6,0.0,0,0.58,7,3.67,44,0.0,0,13.17,158,1.08,13
20194,9.33,112,15.25,183,5.42,65,11.67,140,9.08,109,1.0,12,0.0,0,0.58,7,7.83,94,0.17,2,19.58,235,2.5,30
20195,9.75,117,23.42,281,6.83,82,15.17,182,5.92,71,1.5,18,0.0,0,1.42,17,7.58,91,0.33,4,32.5,390,0.67,8
20197,6.83,82,19.5,234,4.5,54,11.83,142,9.75,117,1.08,13,0.0,0,0.42,5,8.08,97,0.08,1,27.25,327,0.92,11
20198,5.0,60,7.58,91,3.33,40,6.75,81,3.67,44,0.58,7,0.0,0,0.33,4,4.92,59,0.08,1,11.0,132,0.5,6
20199,70.08,841,94.75,1137,73.42,881,117.0,1404,55.33,664,23.67,284,0.33,4,23.92,287,203.5,2442,3.17,38,222.25,2667,14.67,176
20200,15.42,185,33.17,398,35.75,429,26.08,313,23.67,284,4.08,49,0.08,1,1.83,22,21.67,260,0.67,8,67.0,804,5.08,61
20201,12.92,155,33.75,405,13.0,156,35.33,424,11.17,134,2.42,29,0.0,0,1.17,14,18.5,222,1.75,21,78.5,942,3.25,39
20202,15.5,186,51.0,612,15.0,180,33.17,398,11.17,134,3.25,39,0.0,0,2.33,28,20.0,240,1.17,14,55.42,665,3.75,45
20203,4.92,59,13.33,160,4.42,53,8.92,107,5.0,60,0.42,5,0.0,0,0.67,8,5.33,64,0.17,2,18.08,217,0.58,7
20204,7.5,90,18.5,222,21.17,254,25.17,302,5.25,63,1.42,17,0.0,0,0.42,5,5.17,62,0.5,6,74.75,897,1.75,21
20205,5.83,70,17.08,205,4.75,57,8.42,101,2.58,31,0.67,8,0.0,0,0.42,5,3.33,40,0.42,5,18.42,221,1.08,13
20206,329.67,3956,446.58,5359,467.83,5614,678.92,8147,180.5,2166,71.58,859,1.33,16,260.42,3125,1188.17,14258,46.0,552,1377.42,16529,67.58,811
20207,7.58,91,15.92,191,5.67,68,18.92,227,8.0,96,0.42,5,0.0,0,0.58,7,19.17,230,0.33,4,28.83,346,0.33,4
20208,23.5,282,38.58,463,19.08,229,40.25,483,22.33,268,3.75,45,0.33,4,6.67,80,33.75,405,1.75,21,60.5,726,3.08,37
20209,1.92,23,7.25,87,3.42,41,6.42,77,3.08,37,0.25,3,0.08,1,0.0,0,3.5,42,0.25,3,15.92,191,0.5,6
20210,5.08,61,10.33,124,3.0,36,10.5,126,5.25,63,0.67,8,0.0,0,1.08,13,9.42,113,0.25,3,16.25,195,0.67,8
20211,2.08,25,11.33,136,2.25,27,5.92,71,3.33,40,0.33,4,0.0,0,0.17,2,2.83,34,0.08,1,13.17,158,0.58,7
20212,3.0,36,8.17,98,2.75,33,4.5,54,4.83,58,0.58,7,0.0,0,0.33,4,4.92,59,0.08,1,9.92,119,0.42,5
20213,82.5,990,75.0,900,76.5,918,142.58,1711,61.33,736,14.08,169,0.75,9,17.83,214,255.33,3064,3.25,39,217.42,2609,14.17,170
20214,7.08,85,13.42,161,3.0,36,14.0,168,4.83,58,0.58,7,0.17,2,0.92,11,9.92,119,0.42,5,17.08,205,0.75,9
20215,3.83,46,7.92,95,2.33,28,5.58,67,4.17,50,0.33,4,0.0,0,1.42,17,5.92,71,0.0,0,9.33,112,0.5,6
20216,3.08,37,8.67,104,0.83,10,5.33,64,2.58,31,0.33,4,0.0,0,0.25,3,4.0,48,0.0,0,13.5,162,0.42,5
20217,2.42,29,4.5,54,1.33,16,4.92,59,1.92,23,0.25,3,0.08,1,0.08,1,2.58,31,0.17,2,6.17,74,0.17,2
20218,1.25,15,4.08,49,1.5,18,4.67,56,3.17,38,0.25,3,0.08,1,0.33,4,3.42,41,0.08,1,6.92,83,0.5,6
20219,7.92,95,13.58,163,3.08,37,12.67,152,5.17,62,1.75,21,0.0,0,1.67,20,14.92,179,0.08,1,16.83,202,1.17,14
20220,58.42,701,51.5,618,65.08,781,106.0,1272,43.92,527,6.5,78,0.25,3,8.33,100,189.42,2273,2.58,31,126.92,1523,7.92,95
20221,5.17,62,7.67,92,3.0,36,9.17,110,2.5,30,0.33,4,0.0,0,0.25,3,6.17,74,0.08,1,15.67,188,0.25,3
20222,7.42,89,12.67,152,5.33,64,14.17,170,6.92,83,0.5,6,0.08,1,0.92,11,16.5,198,0.25,3,21.75,261,2.0,24
20223,2.0,24,11.5,138,4.0,48,6.67,80,7.08,85,1.08,13,0.0,0,0.58,7,5.17,62,0.58,7,18.25,219,1.0,12
20224,9.08,109,8.17,98,7.67,92,15.42,185,5.42,65,0.42,5,0.0,0,0.75,9,13.33,160,0.42,5,16.75,201,1.0,12
20225,2.75,33,5.0,60,0.67,8,5.67,68,1.67,20,0.33,4,0.0,0,0.17,2,1.5,18,0.0,0,10.33,124,0.17,2
20226,4.42,53,12.25,147,2.5,30,9.08,109,4.5,54,0.5,6,0.0,0,0.5,6,5.08,61,0.25,3,21.83,262,0.83,10
20228,198.5,2382,249.58,2995,205.0,2460,250.5,3006,140.58,1687,46.25,555,0.58,7,63.58,763,805.33,9664,8.25,99,688.58,8263,19.58,235
20229,3.08,37,9.17,110,1.25,15,2.5,30,2.75,33,0.42,5,0.0,0,0.17,2,3.42,41,0.08,1,9.17,110,0.33,4
20230,15.67,188,24.25,291,5.0,60,25.75,309,7.17,86,3.25,39,0.0,0,1.42,17,25.33,304,0.67,8,38.67,464,1.0,12
20231,21.42,257,45.42,545,13.58,163,31.92,383,13.75,165,3.25,39,0.0,0,3.75,45,39.5,474,1.42,17,59.92,719,1.92,23
20232,3.0,36,19.0,228,6.42,77,13.58,163,5.75,69,0.92,11,0.0,0,0.58,7,8.08,97,0.58,7,28.83,346,0.5,6
20234,12.25,147,13.0,156,12.5,150,20.83,250,11.83,142,7.25,87,0.08,1,1.92,23,31.58,379,0.17,2,37.33,448,2.5,30
20235,2.08,25,12.0,144,2.42,29,6.42,77,5.42,65,0.83,10,0.0,0,0.25,3,4.92,59,0.17,2,15.0,180,0.25,3
20236,6.75,81,19.0,228,4.67,56,15.67,188,8.92,107,1.33,16,0.0,0,0.75,9,19.42,233,0.5,6,27.25,327,0.83,10
20237,1.67,20,6.17,74,1.0,12,5.0,60,3.25,39,2.75,33,0.0,0,0.25,3,2.92,35,0.08,1,10.25,123,0.17,2
20238,2.17,26,8.67,104,2.17,26,6.0,72,4.17,50,0.5,6,0.08,1,0.33,4,3.42,41,0.0,0,16.0,192,0.42,5
20240,1.67,20,7.17,86,0.75,9,4.25,51,1.0,12,0.08,1,0.0,0,0.42,5,1.25,15,0.08,1,6.33,76,0.5,6
20241,2.58,31,7.33,88,2.83,34,5.25,63,3.83,46,0.58,7,0.0,0,2.0,24,3.17,38,0.17,2,14.17,170,0.5,6
20242,5.17,62,17.42,209,3.75,45,9.58,115,4.08,49,1.58,19,0.08,1,0.42,5,7.0,84,0.17,2,19.08,229,0.42,5
20243,62.17,746,62.83,754,56.08,673,98.5,1182,67.75,813,14.58,175,0.17,2,29.58,355,372.25,4467,1.08,13,173.17,2078,9.67,116
20244,4.08,49,7.5,90,1.83,22,7.17,86,3.0,36,0.42,5,0.0,0,0.33,4,9.83,118,0.0,0,11.0,132,0.08,1
20245,2.5,30,9.92,119,3.17,38,5.42,65,5.33,64,0.5,6,0.0,0,1.33,16,9.92,119,0.17,2,9.5,114,0.42,5
20246,7.75,93,19.67,236,7.08,85,14.75,177,7.25,87,0.75,9,0.0,0,1.42,17,19.5,234,0.25,3,30.08,361,1.83,22
20249,10.25,123,23.17,278,6.08,73,15.83,190,8.0,96,2.08,25,0.08,1,0.42,5,24.58,295,0.5,6,39.83,478,1.17,14
20250,3.75,45,9.75,117,4.25,51,11.83,142,4.83,58,0.75,9,0.0,0,1.42,17,9.5,114,0.17,2,20.67,248,1.33,16
20251,94.92,1139,105.17,1262,148.67,1784,169.25,2031,85.08,1021,17.33,208,0.83,10,31.17,374,322.17,3866,8.17,98,292.83,3514,28.58,343
20252,2.17,26,6.5,78,2.58,31,2.67,32,2.92,35,0.42,5,0.0,0,0.42,5,5.83,70,0.0,0,7.42,89,0.17,2
20253,3.0,36,9.0,108,3.17,38,4.25,51,2.17,26,0.58,7,0.0,0,0.17,2,9.33,112,0.25,3,8.25,99,0.5,6
20255,12.17,146,22.67,272,8.5,102,23.33,280,9.67,116,1.42,17,0.17,2,1.25,15,19.0,228,0.42,5,23.42,281,2.67,32
20256,37.25,447,41.33,496,48.75,585,61.58,739,24.5,294,8.17,98,0.17,2,10.08,121,72.17,866,1.75,21,85.67,1028,6.58,79
20257,4.83,58,13.92,167,6.25,75,10.0,120,4.67,56,0.75,9,0.17,2,0.5,6,7.75,93,0.67,8,17.17,206,0.92,11
20258,26.92,323,30.0,360,34.0,408,37.17,446,38.5,462,5.83,70,0.33,4,5.5,66,79.17,950,0.58,7,55.42,665,9.08,109
20259,3.83,46,7.75,93,7.67,92,8.17,98,5.25,63,0.58,7,0.0,0,0.92,11,5.42,65,0.25,3,9.0,108,1.08,13
20260,3.33,40,4.83,58,1.42,17,2.92,35,2.83,34,0.67,8,0.08,1,0.58,7,9.25,111,0.17,2,4.67,56,0.25,3
20262,28.58,343,33.17,398,33.17,398,40.08,481,29.5,354,4.25,51,0.5,6,10.42,125,56.58,679,1.42,17,68.75,825,7.75,93
20263,3.5,42,4.75,57,4.25,51,5.75,69,2.58,31,0.33,4,0.0,0,0.75,9,6.42,77,0.08,1,9.17,110,1.33,16
20264,49.67,596,56.92,683,64.58,775,64.17,770,69.83,838,13.0,156,0.33,4,19.67,236,162.58,1951,1.58,19,156.5,1878,9.67,116
20265,3.67,44,11.5,138,3.0,36,6.17,74,5.75,69,1.58,19,0.0,0,1.75,21,13.92,167,0.0,0,17.17,206,0.42,5
20266,0.5,6,2.42,29,0.0,0,1.0,12,0.5,6,0.08,1,0.0,0,0.08,1,2.58,31,0.17,2,2.25,27,0.25,3
20267,1.33,16,4.67,56,1.42,17,3.92,47,0.67,8,0.08,1,0.0,0,0.08,1,7.92,95,0.08,1,5.92,71,0.33,4
20268,0.58,7,4.83,58,1.0,12,2.08,25,1.83,22,0.25,3,0.0,0,0.08,1,4.5,54,0.0,0,5.33,64,0.08,1
20269,1.67,20,5.17,62,2.58,31,3.08,37,2.0,24,0.17,2,0.0,0,0.0,0,5.5,66,0.0,0,8.58,103,0.17,2
20270,1.67,20,6.33,76,2.42,29,4.08,49,3.25,39,0.42,5,0.0,0,0.17,2,6.5,78,0.08,1,12.08,145,0.42,5
20272,19.92,239,19.33,232,8.67,104,29.58,355,13.83,166,3.33,40,0.0,0,6.5,78,63.75,765,0.67,8,44.25,531,2.75,33
20273,2.42,29,3.33,40,0.17,2,2.0,24,1.92,23,0.08,1,0.08,1,0.0,0,7.58,91,0.0,0,5.25,63,0.42,5
20274,23.67,284,41.67,500,21.25,255,29.33,352,26.08,313,9.58,115,0.0,0,7.92,95,95.08,1141,0.67,8,67.17,806,6.83,82
20275,1.08,13,5.08,61,1.33,16,2.08,25,0.83,10,0.17,2,0.0,0,0.17,2,1.33,16,0.08,1,7.5,90,0.33,4
20276,0.83,10,0.83,10,0.0,0,0.42,5,0.42,5,0.0,0,0.0,0,0.0,0,0.75,9,0.08,1,1.42,17,0.17,2
20277,3.92,47,8.75,105,1.42,17,6.17,74,6.25,75,1.08,13,0.17,2,0.33,4,8.67,104,0.08,1,13.25,159,0.67,8
20278,0.25,3,3.17,38,0.58,7,0.5,6,1.58,19,0.5,6,0.0,0,0.0,0,2.5,30,0.0,0,2.5,30,0.17,2
20279,1.25,15,5.83,70,0.58,7,2.17,26,3.92,47,0.17,2,0.0,0,0.17,2,3.58,43,0.08,1,6.0,72,0.08,1
20280,49.92,599,45.92,551,40.67,488,92.17,1106,42.17,506,10.08,121,0.25,3,15.75,189,148.33,1780,2.0,24,121.83,1462,9.58,115
20282,4.25,51,3.67,44,1.42,17,5.83,70,2.0,24,0.42,5,0.0,0,0.75,9,4.0,48,0.17,2,4.92,59,0.42,5
20283,2.25,27,6.25,75,1.83,22,2.92,35,2.92,35,0.33,4,0.0,0,0.17,2,2.0,24,0.08,1,7.83,94,0.08,1
20284,6.83,82,14.0,168,7.33,88,12.92,155,10.08,121,0.75,9,0.08,1,0.5,6,15.58,187,0.25,3,24.25,291,1.67,20
20285,3.0,36,6.58,79,2.17,26,4.58,55,3.0,36,0.33,4,0.0,0,0.75,9,4.17,50,0.0,0,9.5,114,0.25,3
20286,1.75,21,5.08,61,2.42,29,4.5,54,2.0,24,0.58,7,0.0,0,0.25,3,1.5,18,0.08,1,7.5,90,0.42,5
20288,222.83,2674,143.58,1723,132.58,1591,314.08,3769,114.83,1378,73.67,884,0.42,5,304.75,3657,1252.67,15032,35.83,430,1292.67,15512,35.58,427
20290,116.58,1399,60.42,725,81.92,983,116.42,1397,40.92,491,24.67,296,0.25,3,58.75,705,526.67,6320,12.08,145,437.92,5255,18.67,224
20291,43.75,525,50.0,600,49.5,594,131.25,1575,35.75,429,10.0,120,0.17,2,13.5,162,169.67,2036,3.08,37,225.33,2704,8.42,101
20292,47.0,564,70.92,851,101.42,1217,142.5,1710,50.83,610,14.25,171,0.42,5,16.75,201,160.17,1922,6.08,73,206.58,2479,9.0,108
20293,31.5,378,76.25,915,38.17,458,105.0,1260,39.17,470,29.92,359,0.33,4,6.08,73,131.17,1574,5.67,68,357.92,4295,2.75,33
20294,49.33,592,74.58,895,62.67,752,125.5,1506,56.25,675,11.42,137,0.33,4,11.75,141,153.83,1846,4.67,56,226.83,2722,5.5,66
20295,33.17,398,35.58,427,49.67,596,68.25,819,34.67,416,10.5,126,0.08,1,5.33,64,114.92,1379,1.0,12,112.0,1344,3.25,39
20296,9.83,118,8.17,98,13.17,158,18.5,222,6.75,81,2.0,24,0.0,0,1.83,22,25.42,305,0.33,4,28.92,347,0.83,10
20297,21.08,253,13.67,164,10.25,123,43.0,516,8.92,107,1.75,21,0.0,0,3.33,40,26.25,315,0.33,4,43.08,517,0.92,11
20298,45.42,545,39.33,472,54.75,657,161.75,1941,44.83,538,8.42,101,0.33,4,13.5,162,144.42,1733,5.92,71,170.08,2041,9.0,108
20300,156.67,1880,134.92,1619,170.42,2045,441.58,5299,103.75,1245,25.42,305,0.75,9,29.42,353,454.92,5459,35.42,425,588.92,7067,26.83,322
20302,116.17,1394,88.08,1057,178.25,2139,392.75,4713,65.67,788,14.25,171,0.5,6,39.58,475,354.08,4249,9.67,116,272.08,3265,38.75,465
20303,27.75,333,49.08,589,21.0,252,65.67,788,27.67,332,3.75,45,0.0,0,5.58,67,60.67,728,1.5,18,130.75,1569,3.42,41
20304,39.5,474,45.83,550,53.58,643,121.75,1461,43.33,520,12.83,154,0.0,0,7.25,87,186.75,2241,2.67,32,171.92,2063,7.67,92
20306,61.92,743,18.92,227,41.25,495,94.58,1135,33.58,403,8.08,97,0.75,9,11.42,137,257.83,3094,1.17,14,92.75,1113,4.17,50
20307,13.67,164,12.58,151,10.5,126,18.83,226,20.08,241,3.5,42,0.25,3,3.75,45,24.67,296,0.42,5,40.58,487,0.92,11
20308,29.17,350,31.17,374,33.92,407,68.08,817,29.92,359,10.5,126,0.08,1,6.08,73,81.25,975,1.58,19,125.17,1502,5.92,71
20311,3.08,37,8.58,103,4.92,59,5.75,69,6.67,80,1.42,17,0.0,0,0.67,8,3.92,47,0.0,0,15.83,190,0.33,4
20312,35.08,421,22.17,266,62.92,755,63.83,766,46.42,557,13.75,165,0.17,2,20.25,243,164.83,1978,0.75,9,84.75,1017,5.67,68
20313,5.67,68,10.08,121,13.83,166,10.92,131,11.42,137,2.83,34,0.0,0,1.33,16,12.92,155,0.08,1,23.83,286,1.58,19
20314,3.42,41,5.33,64,1.17,14,4.92,59,3.25,39,0.58,7,0.0,0,0.33,4,3.25,39,0.17,2,7.83,94,0.33,4
20315,3.58,43,8.5,102,3.83,46,8.33,100,4.92,59,0.92,11,0.0,0,0.25,3,5.83,70,0.0,0,14.92,179,0.58,7
20316,2.17,26,5.17,62,4.5,54,5.83,70,4.58,55,0.92,11,0.0,0,1.25,15,5.67,68,0.0,0,7.75,93,0.25,3
20317,20.17,242,23.67,284,61.92,743,37.33,448,21.42,257,9.17,110,0.08,1,5.75,69,66.75,801,0.42,5,58.75,705,2.67,32
20318,4.58,55,8.42,101,7.0,84,9.92,119,5.42,65,1.75,21,0.08,1,0.75,9,4.5,54,0.0,0,15.83,190,0.25,3
20320,73.25,879,43.17,518,86.58,1039,91.92,1103,71.75,861,16.83,202,0.33,4,28.67,344,267.25,3207,1.92,23,168.67,2024,11.17,134
20321,9.08,109,11.17,134,6.08,73,16.08,193,10.58,127,1.75,21,0.0,0,1.33,16,20.25,243,0.0,0,22.42,269,1.33,16
20322,25.67,308,24.92,299,15.5,186,31.42,377,26.75,321,5.75,69,0.17,2,4.25,51,70.75,849,1.17,14,77.25,927,3.92,47
20323,5.5,66,8.08,97,5.33,64,11.58,139,4.42,53,1.08,13,0.0,0,0.5,6,11.92,143,0.0,0,19.92,239,0.75,9
20324,2.67,32,4.5,54,1.0,12,4.33,52,2.58,31,0.08,1,0.17,2,0.33,4,3.42,41,0.17,2,7.75,93,0.33,4
20325,4.0,48,5.5,66,2.5,30,5.5,66,5.08,61,0.33,4,0.0,0,0.33,4,7.42,89,0.0,0,11.08,133,0.08,1
20326,2.75,33,5.58,67,1.17,14,4.17,50,1.92,23,0.0,0,0.0,0,0.08,1,2.08,25,0.08,1,10.0,120,0.33,4
20327,5.75,69,16.25,195,1.5,18,8.83,106,2.83,34,1.92,23,0.0,0,0.75,9,7.58,91,0.25,3,17.83,214,0.75,9
20328,37.25,447,40.5,486,74.17,890,84.42,1013,69.67,836,15.67,188,0.17,2,24.0,288,157.58,1891,1.0,12,150.92,1811,4.92,59
20329,2.5,30,7.0,84,5.67,68,6.58,79,6.33,76,0.17,2,0.0,0,0.67,8,8.08,97,0.17,2,12.5,150,0.33,4
20330,7.17,86,12.83,154,6.17,74,12.58,151,12.17,146,2.25,27,0.0,0,1.58,19,15.92,191,0.08,1,24.33,292,3.42,41
20331,3.42,41,6.75,81,5.75,69,10.0,120,4.33,52,0.67,8,0.0,0,0.33,4,8.0,96,0.08,1,15.08,181,0.17,2
20332,37.67,452,37.25,447,39.75,477,89.33,1072,27.42,329,10.0,120,0.0,0,9.75,117,98.58,1183,1.17,14,99.0,1188,3.92,47
20333,2.67,32,4.5,54,5.08,61,5.75,69,4.17,50,0.33,4,0.0,0,0.92,11,7.17,86,0.0,0,8.58,103,0.17,2
20334,3.5,42,10.08,121,2.42,29,7.08,85,2.25,27,0.33,4,0.0,0,0.25,3,5.58,67,0.42,5,13.33,160,0.25,3
20335,44.83,538,28.17,338,58.67,704,52.33,628,45.25,543,14.42,173,0.25,3,26.75,321,175.0,2100,1.17,14,98.75,1185,5.92,71
20336,2.58,31,5.25,63,9.0,108,4.92,59,8.58,103,0.67,8,0.0,0,0.33,4,5.08,61,0.0,0,9.67,116,0.67,8
20337,8.42,101,11.0,132,12.5,150,13.0,156,8.5,102,2.25,27,0.08,1,0.67,8,7.25,87,0.08,1,25.5,306,1.0,12
20338,3.17,38,8.92,107,5.25,63,5.92,71,6.83,82,1.08,13,0.0,0,0.33,4,5.08,61,0.08,1,11.92,143,0.42,5
20340,57.58,691,25.08,301,45.0,540,79.08,949,30.08,361,7.33,88,0.33,4,6.75,81,152.5,1830,0.42,5,95.83,1150,3.33,40
20341,1.25,15,2.5,30,2.08,25,3.0,36,1.58,19,0.92,11,0.0,0,0.25,3,2.92,35,0.0,0,7.0,84,0.67,8
20342,4.58,55,3.17,38,2.42,29,4.5,54,4.75,57,0.75,9,0.0,0,0.5,6,14.42,173,0.0,0,5.75,69,0.5,6
20343,28.58,343,12.75,153,25.58,307,34.75,417,20.0,240,6.75,81,0.0,0,9.33,112,99.25,1191,1.0,12,51.58,619,4.33,52
20344,8.67,104,3.67,44,3.08,37,16.42,197,3.67,44,1.17,14,0.0,0,0.33,4,9.92,119,0.08,1,17.0,204,0.08,1
20345,1.08,13,1.67,20,6.17,74,3.67,44,2.25,27,0.33,4,0.0,0,0.5,6,2.58,31,0.0,0,4.33,52,0.17,2
20347,2.25,27,1.67,20,1.83,22,5.67,68,2.58,31,0.42,5,0.0,0,1.17,14,2.92,35,0.08,1,9.83,118,0.17,2
20348,2.25,27,2.67,32,2.08,25,3.67,44,1.67,20,0.25,3,0.0,0,0.17,2,2.25,27,0.0,0,5.75,69,0.0,0
20349,2.33,28,1.92,23,5.83,70,3.5,42,3.08,37,0.33,4,0.0,0,0.17,2,5.42,65,0.0,0,6.83,82,0.25,3
20350,4.08,49,4.92,59,6.5,78,5.67,68,3.92,47,0.67,8,0.0,0,0.58,7,6.58,79,0.0,0,10.25,123,0.25,3
20351,10.33,124,4.58,55,3.0,36,18.5,222,5.25,63,1.42,17,0.0,0,1.0,12,10.83,130,0.0,0,21.67,260,0.83,10
20352,37.0,444,17.58,211,27.0,324,47.08,565,22.25,267,7.33,88,0.17,2,11.5,138,149.0,1788,0.33,4,68.67,824,2.83,34
20354,4.5,54,7.25,87,4.08,49,10.08,121,6.25,75,0.83,10,0.0,0,0.58,7,8.33,100,0.08,1,18.25,219,0.08,1
20355,26.42,317,15.92,191,12.92,155,42.33,508,14.92,179,8.75,105,0.17,2,6.58,79,74.25,891,1.0,12,51.25,615,1.67,20
20357,1.42,17,2.42,29,0.83,10,5.25,63,1.0,12,0.17,2,0.0,0,0.17,2,1.67,20,0.0,0,7.33,88,0.08,1
20358,17.33,208,11.42,137,13.58,163,29.58,355,11.08,133,3.25,39,0.08,1,2.83,34,57.25,687,0.83,10,36.08,433,2.42,29
20359,1.5,18,1.67,20,1.08,13,2.25,27,0.42,5,0.75,9,0.0,0,0.75,9,0.92,11,0.08,1,2.83,34,0.17,2
20361,26.08,313,21.42,257,29.58,355,37.33,448,31.92,383,8.92,107,0.0,0,8.25,99,102.92,1235,1.08,13,65.17,782,3.17,38
20362,3.5,42,5.5,66,2.25,27,3.92,47,5.17,62,0.42,5,0.0,0,0.42,5,5.0,60,0.08,1,9.58,115,0.42,5
20363,7.0,84,7.83,94,7.75,93,6.08,73,8.0,96,0.67,8,0.0,0,0.75,9,8.0,96,0.0,0,13.42,161,0.5,6
20364,1.67,20,2.5,30,1.83,22,3.58,43,2.83,34,0.33,4,0.08,1,0.5,6,2.17,26,0.0,0,5.83,70,0.17,2
20365,0.75,9,6.42,77,1.17,14,3.17,38,4.5,54,0.83,10,0.0,0,0.0,0,2.42,29,0.08,1,8.42,101,0.33,4
20366,10.42,125,10.5,126,7.33,88,9.33,112,8.42,101,1.67,20,0.08,1,0.75,9,6.83,82,0.0,0,23.5,282,0.92,11
20368,1.92,23,3.67,44,3.33,40,3.67,44,3.67,44,0.75,9,0.0,0,0.17,2,1.58,19,0.08,1,15.17,182,0.17,2
20369,21.42,257,21.5,258,14.17,170,29.92,359,24.17,290,6.42,77,0.0,0,5.17,62,62.0,744,0.42,5,53.67,644,2.58,31
20370,1.67,20,3.42,41,0.33,4,1.67,20,1.5,18,0.58,7,0.0,0,0.25,3,1.25,15,0.17,2,6.92,83,0.0,0
20371,3.67,44,4.5,54,2.33,28,4.08,49,4.42,53,0.67,8,0.0,0,0.25,3,7.33,88,0.17,2,9.83,118,0.25,3
20373,11.08,133,11.25,135,6.5,78,12.67,152,9.83,118,2.25,27,0.0,0,0.67,8,36.42,437,0.25,3,23.75,285,0.83,10
20374,12.92,155,8.5,102,26.33,316,16.5,198,7.92,95,2.0,24,0.0,0,1.0,12,25.58,307,0.08,1,26.67,320,0.75,9
20376,7.25,87,12.0,144,3.58,43,11.25,135,10.0,120,1.0,12,0.0,0,0.42,5,14.58,175,0.0,0,19.25,231,0.5,6
20378,6.5,78,9.25,111,5.58,67,5.42,65,9.5,114,1.0,12,0.0,0,1.75,21,11.58,139,0.33,4,13.92,167,0.08,1
20379,172.67,2072,127.0,1524,173.25,2079,219.75,2637,148.67,1784,36.92,443,0.58,7,92.83,1114,787.42,9449,12.08,145,505.67,6068,28.42,341
20381,18.0,216,7.42,89,8.67,104,14.42,173,19.17,230,1.58,19,0.0,0,1.33,16,73.92,887,0.33,4,16.17,194,1.08,13
20382,4.42,53,4.83,58,0.42,5,6.67,80,4.0,48,0.5,6,0.0,0,0.67,8,7.58,91,0.0,0,12.25,147,0.25,3
20383,0.92,11,3.75,45,0.33,4,1.25,15,1.08,13,0.33,4,0.0,0,0.0,0,1.92,23,0.0,0,3.25,39,0.08,1
20384,0.92,11,1.08,13,0.25,3,0.92,11,1.83,22,0.0,0,0.0,0,0.25,3,0.75,9,0.0,0,2.58,31,0.08,1
20387,18.92,227,6.67,80,5.67,68,20.75,249,11.33,136,2.5,30,0.0,0,4.58,55,50.17,602,0.17,2,20.75,249,1.33,16
20390,3.33,40,2.75,33,1.08,13,1.83,22,2.75,33,0.42,5,0.0,0,0.08,1,6.0,72,0.0,0,2.67,32,0.0,0
20391,3.25,39,1.58,19,1.42,17,5.08,61,2.25,27,0.25,3,0.0,0,0.08,1,3.25,39,0.0,0,4.92,59,0.0,0
20392,25.17,302,11.67,140,9.83,118,17.58,211,15.5,186,2.75,33,0.25,3,5.42,65,58.83,706,0.5,6,26.75,321,3.25,39
20393,5.0,60,4.33,52,2.42,29,4.33,52,6.0,72,0.42,5,0.0,0,0.5,6,5.75,69,0.0,0,7.83,94,0.25,3
20394,2.92,35,2.67,32,3.08,37,3.0,36,2.83,34,0.75,9,0.0,0,0.25,3,3.08,37,0.0,0,6.92,83,0.33,4
20395,4.25,51,4.75,57,1.58,19,5.33,64,6.33,76,1.0,12,0.0,0,1.17,14,7.33,88,0.08,1,9.67,116,0.83,10
20396,92.83,1114,69.58,835,95.5,1146,104.42,1253,95.0,1140,20.83,250,0.42,5,33.83,406,486.33,5836,2.92,35,255.83,3070,11.92,143
20398,13.67,164,14.5,174,7.17,86,18.5,222,15.33,184,4.0,48,0.08,1,3.08,37,61.42,737,0.08,1,35.67,428,1.33,16
20399,23.92,287,15.08,181,9.25,111,26.0,312,15.33,184,4.08,49,0.0,0,4.0,48,53.75,645,0.67,8,39.17,470,6.08,73
20400,4.08,49,7.33,88,5.33,64,4.58,55,7.92,95,0.83,10,0.0,0,0.75,9,4.42,53,0.08,1,9.5,114,0.33,4
20401,0.42,5,1.67,20,0.58,7,1.25,15,3.08,37,0.08,1,0.0,0,0.0,0,2.0,24,0.0,0,2.83,34,0.0,0
20404,46.42,557,33.08,397,43.75,525,53.0,636,41.5,498,6.17,74,0.0,0,25.5,306,256.5,3078,1.58,19,74.67,896,8.5,102
20405,7.75,93,5.92,71,3.08,37,10.0,120,3.25,39,1.0,12,0.0,0,1.0,12,23.92,287,0.17,2,6.83,82,0.75,9
20407,18.92,227,13.33,160,12.25,147,28.42,341,12.83,154,1.25,15,0.0,0,1.17,14,121.5,1458,0.75,9,27.83,334,2.25,27
20408,6.0,72,6.0,72,1.67,20,7.83,94,5.17,62,0.58,7,0.08,1,2.33,28,14.08,169,0.17,2,7.75,93,0.58,7
20410,7.17,86,6.5,78,1.42,17,8.42,101,5.0,60,0.33,4,0.25,3,2.5,30,31.0,372,0.0,0,7.42,89,0.5,6
20411,5.33,64,5.92,71,4.0,48,7.08,85,6.08,73,0.67,8,0.0,0,1.08,13,8.08,97,0.0,0,8.5,102,1.0,12
20413,2.5,30,6.75,81,2.5,30,4.58,55,3.67,44,0.33,4,0.0,0,0.17,2,12.25,147,0.33,4,8.25,99,0.5,6
20414,22.33,268,30.58,367,14.58,175,65.25,783,12.17,146,3.83,46,0.08,1,4.0,48,33.83,406,1.75,21,96.17,1154,4.33,52
20416,10.83,130,40.67,488,10.17,122,44.92,539,13.17,158,5.25,63,0.17,2,3.58,43,20.67,248,1.33,16,94.08,1129,3.08,37
20417,235.08,2821,326.5,3918,297.83,3574,591.75,7101,185.0,2220,71.58,859,2.25,27,225.0,2700,1061.67,12740,48.67,584,1609.42,19313,71.17,854
20418,132.75,1593,180.08,2161,180.67,2168,529.67,6356,88.75,1065,22.58,271,0.92,11,121.17,1454,399.83,4798,23.67,284,581.67,6980,68.67,824
20419,191.58,2299,305.17,3662,205.17,2462,693.58,8323,125.25,1503,52.83,634,1.58,19,115.58,1387,424.67,5096,28.83,346,1011.08,12133,51.83,622
20420,11.33,136,22.58,271,3.58,43,25.25,303,9.17,110,2.17,26,0.08,1,2.0,24,11.5,138,0.92,11,54.67,656,1.08,13
20421,8.0,96,18.67,224,3.17,38,17.58,211,4.75,57,1.5,18,0.08,1,1.75,21,6.25,75,0.67,8,38.83,466,1.42,17
20422,8.92,107,18.92,227,4.0,48,20.17,242,5.0,60,1.25,15,0.08,1,2.92,35,6.5,78,0.58,7,38.17,458,0.75,9
20423,10.08,121,15.67,188,4.08,49,13.25,159,5.33,64,1.42,17,0.0,0,3.67,44,24.25,291,0.25,3,27.0,324,1.25,15
20424,3.25,39,16.25,195,1.58,19,6.17,74,9.42,113,1.5,18,0.0,0,0.92,11,4.42,53,0.42,5,25.75,309,0.25,3
20425,6.33,76,10.25,123,2.17,26,11.42,137,4.67,56,0.67,8,0.0,0,1.25,15,7.83,94,0.5,6,29.25,351,0.5,6
20426,8.17,98,13.92,167,3.92,47,18.17,218,5.0,60,1.75,21,0.17,2,1.25,15,13.5,162,0.33,4,34.33,412,1.25,15
20427,10.33,124,13.33,160,2.5,30,14.17,170,6.67,80,1.0,12,0.17,2,2.25,27,10.5,126,0.25,3,24.08,289,0.42,5
20428,3.0,36,7.17,86,1.75,21,7.42,89,1.75,21,0.92,11,0.08,1,2.08,25,4.75,57,0.42,5,11.08,133,0.25,3
20430,20.58,247,31.5,378,5.67,68,38.58,463,18.25,219,3.75,45,0.17,2,8.42,101,36.67,440,0.75,9,47.5,570,3.33,40
20431,9.58,115,10.67,128,5.83,70,17.42,209,8.17,98,3.5,42,0.0,0,2.92,35,33.92,407,0.25,3,26.92,323,0.5,6
20433,9.67,116,12.08,145,2.5,30,10.58,127,3.42,41,1.67,20,0.17,2,0.83,10,17.67,212,0.08,1,14.08,169,0.33,4
20434,8.25,99,11.33,136,4.42,53,12.5,150,4.67,56,1.5,18,0.0,0,1.08,13,13.75,165,0.25,3,21.42,257,0.83,10
20435,6.42,77,7.58,91,1.42,17,8.5,102,3.5,42,0.67,8,0.0,0,0.75,9,6.67,80,0.0,0,11.67,140,0.67,8
20436,28.08,337,26.5,318,9.08,109,33.08,397,10.58,127,5.83,70,0.08,1,8.42,101,63.42,761,0.17,2,49.25,591,3.33,40
20437,4.25,51,10.0,120,4.33,52,11.33,136,4.42,53,2.17,26,0.08,1,0.75,9,6.67,80,0.25,3,21.5,258,0.5,6
20438,6.75,81,13.58,163,3.92,47,15.0,180,3.5,42,0.67,8,0.0,0,1.08,13,13.25,159,0.5,6,21.0,252,1.25,15
20439,4.33,52,9.83,118,3.42,41,12.58,151,2.58,31,1.17,14,0.0,0,2.58,31,6.75,81,0.17,2,27.08,325,1.0,12
20440,48.25,579,48.25,579,21.17,254,84.83,1018,37.42,449,11.33,136,0.33,4,23.92,287,116.83,1402,2.42,29,137.42,1649,7.42,89
20441,31.0,372,26.33,316,6.33,76,41.5,498,13.33,160,4.75,57,0.17,2,5.08,61,42.58,511,0.58,7,50.58,607,3.17,38
20442,3.33,40,12.08,145,1.83,22,10.42,125,2.75,33,0.42,5,0.0,0,1.33,16,6.92,83,0.17,2,19.0,228,0.58,7
20444,3.83,46,5.17,62,1.42,17,7.08,85,2.17,26,0.5,6,0.0,0,0.33,4,4.67,56,0.08,1,6.75,81,0.67,8
20447,130.08,1561,147.42,1769,162.25,1947,243.58,2923,131.5,1578,41.0,492,0.67,8,110.42,1325,541.58,6499,11.42,137,489.0,5868,28.5,342
20448,1.75,21,4.58,55,1.33,16,3.83,46,3.25,39,0.75,9,0.0,0,0.17,2,2.33,28,0.0,0,8.08,97,0.5,6
20449,4.92,59,5.75,69,2.67,32,7.92,95,6.17,74,1.33,16,0.0,0,0.5,6,5.33,64,0.08,1,10.5,126,0.58,7
20450,8.5,102,7.0,84,6.08,73,11.42,137,6.75,81,1.33,16,0.0,0,1.5,18,17.0,204,0.25,3,21.92,263,0.58,7
20452,59.58,715,34.33,412,52.33,628,108.0,1296,43.0,516,12.08,145,0.0,0,11.08,133,163.33,1960,4.08,49,154.83,1858,8.67,104
20454,8.33,100,23.33,280,10.0,120,20.25,243,11.17,134,1.58,19,0.25,3,1.83,22,21.58,259,0.17,2,43.67,524,1.33,16
20455,33.17,398,26.92,323,23.25,279,73.83,886,17.0,204,5.33,64,0.25,3,14.67,176,77.83,934,1.33,16,58.83,706,8.92,107
20460,2.5,30,3.42,41,0.67,8,2.92,35,2.0,24,0.42,5,0.0,0,0.5,6,2.25,27,0.0,0,5.42,65,0.0,0
20461,23.42,281,21.33,256,19.58,235,40.75,489,16.58,199,3.33,40,0.0,0,3.92,47,81.17,974,0.58,7,37.58,451,2.75,33
20462,22.92,275,33.17,398,24.25,291,39.5,474,27.33,328,4.5,54,0.25,3,11.83,142,53.58,643,0.5,6,83.67,1004,4.08,49
20464,10.08,121,16.08,193,6.0,72,14.42,173,8.58,103,0.5,6,0.0,0,1.5,18,13.08,157,0.33,4,31.08,373,1.17,14
20466,6.67,80,9.92,119,3.75,45,7.83,94,4.42,53,1.33,16,0.0,0,0.5,6,6.67,80,0.25,3,17.08,205,1.17,14
20468,23.33,280,23.25,279,9.33,112,45.33,544,22.92,275,2.67,32,0.0,0,5.42,65,91.5,1098,0.17,2,60.42,725,2.0,24
20469,1.67,20,5.08,61,0.33,4,3.25,39,0.83,10,0.58,7,0.0,0,0.17,2,1.17,14,0.0,0,15.17,182,0.08,1
20470,3.83,46,7.75,93,3.42,41,4.92,59,3.67,44,0.25,3,0.0,0,1.25,15,4.75,57,0.08,1,9.67,116,0.17,2
20473,6.92,83,6.25,75,0.83,10,9.58,115,5.75,69,0.58,7,0.0,0,0.67,8,18.42,221,0.0,0,17.92,215,0.08,1
20474,10.5,126,10.5,126,6.33,76,19.92,239,7.33,88,1.08,13,0.08,1,2.5,30,19.58,235,0.08,1,25.33,304,0.75,9
20475,316.0,3792,393.67,4724,260.83,3130,607.33,7288,224.08,2689,111.08,1333,2.0,24,176.5,2118,1497.08,17965,30.83,370,1455.58,17467,33.75,405
20476,32.92,395,61.58,739,20.08,241,59.58,715,38.33,460,10.92,131,0.17,2,6.25,75,53.92,647,2.17,26,145.92,1751,2.5,30
20478,15.75,189,40.83,490,6.0,72,21.67,260,21.67,260,5.58,67,0.08,1,2.17,26,16.25,195,0.58,7,55.83,670,0.83,10
20479,7.92,95,11.58,139,2.17,26,7.83,94,6.58,79,1.75,21,0.0,0,0.92,11,6.33,76,0.08,1,21.08,253,0.08,1
20480,18.42,221,26.42,317,4.58,55,25.5,306,14.42,173,4.33,52,0.0,0,3.75,45,36.08,433,0.42,5,42.92,515,1.42,17
20481,3.33,40,4.42,53,0.5,6,1.67,20,2.08,25,0.08,1,0.17,2,0.42,5,6.75,81,0.0,0,4.75,57,0.0,0
20483,18.25,219,7.75,93,8.08,97,28.75,345,17.17,206,2.92,35,0.08,1,5.75,69,66.83,802,0.33,4,32.42,389,2.83,34
20484,0.33,4,1.25,15,0.42,5,1.5,18,1.83,22,0.17,2,0.0,0,0.33,4,1.0,12,0.0,0,3.58,43,0.17,2
20485,3.67,44,3.75,45,1.83,22,7.0,84,6.5,78,0.83,10,0.0,0,0.42,5,6.17,74,0.0,0,9.17,110,0.33,4
20487,5.5,66,3.0,36,0.33,4,8.0,96,3.5,42,0.25,3,0.0,0,0.33,4,5.42,65,0.0,0,7.42,89,0.42,5
20488,2.83,34,5.33,64,2.33,28,4.08,49,3.42,41,2.33,28,0.0,0,0.0,0,5.33,64,0.17,2,13.17,158,1.5,18
20489,1.75,21,0.83,10,0.67,8,3.33,40,1.42,17,0.0,0,0.0,0,0.17,2,3.92,47,0.08,1,2.33,28,0.0,0
20490,43.33,520,33.67,404,16.17,194,57.42,689,37.5,450,14.75,177,0.08,1,14.0,168,134.42,1613,0.67,8,91.0,1092,3.5,42
20492,3.25,39,9.08,109,1.58,19,3.92,47,5.17,62,0.33,4,0.08,1,0.42,5,4.92,59,0.17,2,9.92,119,0.25,3
20493,1.42,17,3.67,44,0.5,6,2.75,33,2.5,30,0.58,7,0.0,0,0.0,0,3.5,42,0.0,0,5.58,67,0.17,2
20495,2.5,30,6.08,73,0.5,6,6.17,74,1.83,22,0.42,5,0.08,1,0.75,9,2.0,24,0.0,0,10.58,127,0.67,8
20496,8.67,104,17.25,207,3.42,41,15.33,184,6.33,76,2.42,29,0.0,0,1.67,20,13.67,164,0.25,3,34.67,416,0.67,8
20497,2.08,25,5.25,63,0.67,8,4.75,57,4.75,57,1.42,17,0.0,0,0.33,4,5.0,60,0.0,0,12.08,145,0.17,2
20498,6.75,81,8.67,104,1.5,18,11.75,141,4.17,50,1.17,14,0.0,0,1.25,15,8.58,103,0.0,0,20.33,244,0.08,1
20499,3.83,46,9.83,118,2.33,28,8.92,107,5.33,64,1.08,13,0.0,0,0.75,9,5.67,68,0.17,2,15.08,181,0.33,4
20500,13.17,158,3.0,36,0.83,10,11.42,137,8.92,107,0.83,10,0.08,1,1.58,19,16.08,193,0.08,1,7.83,94,0.08,1
20501,2.17,26,1.25,15,0.17,2,2.08,25,0.75,9,0.17,2,0.0,0,0.08,1,1.58,19,0.0,0,2.92,35,0.25,3
20502,6.5,78,3.5,42,0.5,6,6.5,78,7.67,92,1.08,13,0.0,0,0.67,8,6.67,80,0.0,0,7.0,84,0.5,6
20503,5.42,65,6.67,80,1.33,16,11.75,141,5.17,62,1.5,18,0.0,0,0.75,9,9.92,119,0.17,2,15.67,188,0.17,2
20504,5.92,71,2.0,24,0.0,0,3.67,44,2.58,31,0.08,1,0.0,0,0.67,8,3.42,41,0.0,0,3.5,42,0.42,5
20505,66.33,796,132.58,1591,54.0,648,156.25,1875,56.92,683,10.58,127,0.17,2,12.08,145,165.83,1990,4.42,53,206.5,2478,6.25,75
20506,3.67,44,0.83,10,0.5,6,2.92,35,1.0,12,0.17,2,0.08,1,0.25,3,4.83,58,0.0,0,3.17,38,0.08,1
20507,17.5,210,18.0,216,22.5,270,26.0,312,34.0,408,6.42,77,0.08,1,8.17,98,65.17,782,0.42,5,56.33,676,2.0,24
20508,1.42,17,5.75,69,1.33,16,2.75,33,3.92,47,0.5,6,0.0,0,0.33,4,3.58,43,0.0,0,9.08,109,0.25,3
20509,4.58,55,17.5,210,2.5,30,8.33,100,11.5,138,2.17,26,0.0,0,0.67,8,6.17,74,0.25,3,28.25,339,0.25,3
20510,2.67,32,3.67,44,3.42,41,5.33,64,5.0,60,1.08,13,0.0,0,0.42,5,9.5,114,0.0,0,8.33,100,0.33,4
20514,49.25,591,47.08,565,19.25,231,53.83,646,45.75,549,15.0,180,0.0,0,13.08,157,116.42,1397,1.33,16,137.17,1646,3.67,44
20515,1.92,23,6.17,74,0.83,10,4.5,54,4.17,50,1.58,19,0.0,0,0.67,8,4.33,52,0.17,2,9.17,110,0.17,2
20517,6.67,80,9.17,110,2.92,35,7.58,91,5.67,68,1.25,15,0.08,1,1.83,22,5.83,70,0.08,1,12.67,152,0.42,5
20519,0.83,10,2.08,25,0.08,1,0.83,10,1.33,16,0.08,1,0.08,1,0.0,0,0.83,10,0.08,1,1.67,20,0.0,0
20520,4.92,59,6.17,74,0.5,6,3.58,43,2.58,31,1.5,18,0.0,0,0.08,1,8.42,101,0.0,0,9.75,117,0.5,6
20521,57.75,693,47.92,575,35.08,421,92.33,1108,40.42,485,19.5,234,0.17,2,39.58,475,209.5,2514,2.58,31,156.5,1878,10.58,127
20522,2.42,29,4.42,53,0.92,11,4.92,59,4.0,48,0.5,6,0.0,0,0.92,11,4.33,52,0.0,0,6.08,73,0.5,6
20523,3.17,38,2.5,30,0.58,7,2.17,26,1.92,23,0.33,4,0.0,0,0.25,3,31.33,376,0.0,0,4.92,59,0.08,1
20524,0.92,11,2.58,31,0.08,1,2.08,25,2.0,24,0.0,0,0.0,0,0.0,0,1.67,20,0.0,0,4.92,59,0.17,2
20526,7.17,86,12.0,144,1.08,13,7.75,93,7.92,95,3.42,41,0.0,0,1.25,15,22.08,265,0.08,1,20.33,244,0.67,8
20527,0.58,7,2.33,28,0.25,3,1.17,14,1.0,12,0.08,1,0.0,0,0.0,0,1.0,12,0.0,0,2.67,32,0.08,1
20528,2.33,28,10.5,126,0.42,5,7.33,88,5.67,68,0.67,8,0.0,0,1.33,16,4.83,58,0.42,5,18.0,216,0.17,2
20529,2.25,27,4.42,53,0.17,2,1.83,22,3.08,37,1.5,18,0.0,0,0.58,7,2.17,26,0.0,0,7.58,91,0.08,1
20530,18.5,222,22.58,271,9.0,108,22.5,270,12.33,148,6.33,76,0.08,1,3.25,39,35.5,426,0.5,6,52.33,628,1.25,15
20533,3.58,43,5.83,70,2.08,25,4.67,56,2.67,32,1.17,14,0.0,0,0.5,6,4.83,58,0.25,3,7.92,95,0.17,2
20534,6.33,76,9.42,113,3.33,40,7.92,95,4.33,52,0.92,11,0.0,0,0.33,4,9.92,119,0.25,3,20.5,246,0.58,7
20535,3.0,36,3.25,39,5.42,65,2.33,28,1.42,17,0.33,4,0.0,0,0.67,8,2.08,25,0.08,1,7.92,95,0.0,0
20536,1.58,19,4.08,49,1.25,15,2.5,30,3.0,36,1.17,14,0.0,0,0.5,6,2.5,30,0.08,1,10.25,123,0.25,3
20537,46.75,561,19.5,234,25.5,306,24.25,291,14.33,172,5.08,61,0.08,1,15.17,182,45.33,544,0.33,4,49.17,590,4.0,48
20538,23.42,281,25.67,308,9.58,115,27.5,330,14.5,174,5.58,67,0.08,1,4.08,49,58.25,699,0.0,0,44.17,530,2.67,32
20539,7.17,86,5.67,68,1.17,14,10.58,127,5.17,62,1.08,13,0.0,0,0.75,9,6.42,77,0.25,3,13.25,159,0.75,9
20543,68.08,817,46.75,561,21.92,263,77.58,931,43.0,516,13.33,160,0.08,1,24.58,295,139.75,1677,1.67,20,113.58,1363,5.08,61
20544,4.58,55,3.83,46,1.17,14,4.58,55,3.25,39,0.5,6,0.0,0,0.5,6,3.58,43,0.17,2,9.25,111,0.17,2
20545,1.17,14,3.42,41,0.33,4,2.25,27,4.17,50,1.17,14,0.08,1,0.42,5,1.42,17,0.0,0,8.83,106,0.08,1
20547,5.42,65,3.25,39,0.25,3,3.33,40,3.0,36,1.0,12,0.0,0,0.83,10,5.0,60,0.0,0,7.17,86,0.33,4
20548,6.58,79,5.75,69,1.33,16,6.5,78,3.33,40,0.83,10,0.0,0,0.83,10,13.58,163,0.08,1,16.08,193,0.25,3
20549,3.33,40,6.08,73,1.17,14,6.0,72,6.0,72,0.67,8,0.0,0,0.33,4,2.25,27,0.0,0,10.83,130,0.42,5
20550,3.5,42,6.33,76,0.5,6,5.17,62,4.08,49,1.33,16,0.0,0,0.75,9,2.92,35,0.0,0,10.92,131,0.5,6
20551,94.75,1137,70.5,846,46.0,552,153.17,1838,59.92,719,24.17,290,0.42,5,19.5,234,276.25,3315,3.42,41,274.92,3299,7.17,86
20554,4.33,52,6.67,80,0.92,11,9.67,116,4.75,57,0.67,8,0.0,0,0.25,3,9.42,113,0.17,2,14.5,174,0.25,3
20555,2.92,35,6.5,78,0.25,3,4.58,55,4.67,56,0.75,9,0.0,0,0.25,3,4.08,49,0.0,0,13.83,166,0.5,6
20558,8.42,101,8.08,97,1.75,21,10.83,130,8.92,107,1.67,20,0.0,0,1.5,18,15.17,182,0.08,1,16.25,195,0.75,9
20559,5.83,70,5.83,70,1.83,22,12.0,144,5.42,65,1.17,14,0.08,1,0.25,3,7.92,95,0.0,0,16.58,199,0.58,7
20561,3.0,36,2.0,24,0.83,10,2.33,28,1.83,22,0.75,9,0.0,0,0.0,0,2.5,30,0.0,0,10.08,121,0.33,4
20562,95.75,1149,58.5,702,37.58,451,151.58,1819,51.33,616,23.33,280,0.08,1,15.92,191,231.83,2782,2.5,30,174.92,2099,8.83,106
20564,11.25,135,14.42,173,4.0,48,14.92,179,11.0,132,2.5,30,0.0,0,1.42,17,18.83,226,0.25,3,22.42,269,0.42,5
20566,17.33,208,5.25,63,2.42,29,23.25,279,15.42,185,3.08,37,0.0,0,2.25,27,38.58,463,0.25,3,21.92,263,1.33,16
20569,5.33,64,2.42,29,1.33,16,4.58,55,4.33,52,0.92,11,0.0,0,0.0,0,5.58,67,0.08,1,7.58,91,0.0,0
20570,3.17,38,1.08,13,0.0,0,1.92,23,1.0,12,0.25,3,0.5,6,0.08,1,1.0,12,0.0,0,2.0,24,0.0,0
20571,5.08,61,1.58,19,0.25,3,7.5,90,1.42,17,0.25,3,0.0,0,0.25,3,16.25,195,0.0,0,3.17,38,0.17,2
20572,32.5,390,18.08,217,12.92,155,42.17,506,26.33,316,8.75,105,0.25,3,3.42,41,70.5,846,1.25,15,71.83,862,4.42,53
20573,1.67,20,2.5,30,0.08,1,2.75,33,2.58,31,0.25,3,0.0,0,0.08,1,3.25,39,0.0,0,4.67,56,0.0,0
20574,2.42,29,4.42,53,0.17,2,2.08,25,3.58,43,1.42,17,0.0,0,0.08,1,3.92,47,0.42,5,9.5,114,0.58,7
20575,3.08,37,6.33,76,1.08,13,6.75,81,4.83,58,0.83,10,0.0,0,0.25,3,3.83,46,0.08,1,15.17,182,0.25,3
20576,20.75,249,14.58,175,5.25,63,26.33,316,13.75,165,3.25,39,0.58,7,1.08,13,30.5,366,0.67,8,37.25,447,1.67,20
20577,3.33,40,3.83,46,1.33,16,6.17,74,3.42,41,0.25,3,0.0,0,0.08,1,4.42,53,0.0,0,11.42,137,0.17,2
20578,2.17,26,3.17,38,0.83,10,3.83,46,3.42,41,0.67,8,0.08,1,0.08,1,2.83,34,0.0,0,5.17,62,0.08,1
20580,17.83,214,12.33,148,4.25,51,27.92,335,11.0,132,2.25,27,0.42,5,2.92,35,44.75,537,0.42,5,31.67,380,1.08,13
20581,9.5,114,9.08,109,2.58,31,18.17,218,4.08,49,1.67,20,0.0,0,1.42,17,13.25,159,0.08,1,23.08,277,1.42,17
20582,14.83,178,13.0,156,3.33,40,18.17,218,8.75,105,2.25,27,0.08,1,2.33,28,28.83,346,0.08,1,37.08,445,1.67,20
20583,5.0,60,6.17,74,1.17,14,5.75,69,3.42,41,0.5,6,0.0,0,0.42,5,7.67,92,0.0,0,12.08,145,0.67,8
20584,18.08,217,16.42,197,4.33,52,19.83,238,12.0,144,4.25,51,0.0,0,2.08,25,38.08,457,0.58,7,39.5,474,1.42,17
20585,8.42,101,11.17,134,5.08,61,12.83,154,8.25,99,1.5,18,0.0,0,0.75,9,13.92,167,0.0,0,23.25,279,0.67,8
20586,53.92,647,53.42,641,17.92,215,79.08,949,38.42,461,9.0,108,0.25,3,5.08,61,199.5,2394,1.5,18,98.25,1179,3.83,46
20587,4.33,52,8.17,98,2.42,29,9.33,112,5.17,62,1.42,17,0.0,0,0.5,6,9.25,111,0.17,2,16.5,198,0.83,10
20588,4.92,59,1.75,21,0.67,8,5.58,67,3.58,43,0.58,7,0.0,0,0.08,1,4.08,49,0.0,0,5.0,60,0.17,2
20590,4.0,48,4.75,57,1.58,19,10.58,127,3.42,41,0.58,7,0.08,1,0.25,3,2.75,33,0.0,0,10.75,129,0.42,5
20591,3.25,39,1.25,15,0.08,1,3.58,43,1.58,19,0.25,3,0.0,0,0.0,0,3.92,47,0.0,0,4.75,57,0.17,2
20592,150.58,1807,140.75,1689,137.83,1654,407.75,4893,100.08,1201,52.75,633,0.75,9,60.33,724,476.17,5714,10.08,121,510.67,6128,31.42,377
20593,10.0,120,14.0,168,6.75,81,21.17,254,15.92,191,3.67,44,0.08,1,2.5,30,17.67,212,0.58,7,27.33,328,1.17,14
20594,1.25,15,3.17,38,0.25,3,2.42,29,1.5,18,0.25,3,0.0,0,0.42,5,0.83,10,0.08,1,5.58,67,0.08,1
20595,3.25,39,2.92,35,2.42,29,6.0,72,2.17,26,0.33,4,0.0,0,0.58,7,3.75,45,0.08,1,7.08,85,0.25,3
20597,2.0,24,3.83,46,1.67,20,3.67,44,4.08,49,0.5,6,0.0,0,0.08,1,1.92,23,0.25,3,11.67,140,0.5,6
20598,4.75,57,13.75,165,2.58,31,14.17,170,7.33,88,1.83,22,0.0,0,1.58,19,6.25,75,0.17,2,26.58,319,0.42,5
20599,12.0,144,10.25,123,6.17,74,19.92,239,12.83,154,2.75,33,0.08,1,4.5,54,30.08,361,0.42,5,25.17,302,2.83,34
20600,14.92,179,20.17,242,5.33,64,22.67,272,10.67,128,3.25,39,0.0,0,4.42,53,24.0,288,0.33,4,29.42,353,1.75,21
20601,5.67,68,5.08,61,2.58,31,7.75,93,3.33,40,0.92,11,0.0,0,0.83,10,6.17,74,0.17,2,14.25,171,0.08,1
20602,3.33,40,9.25,111,1.58,19,5.75,69,6.08,73,1.83,22,0.0,0,1.25,15,7.5,90,0.17,2,14.83,178,0.33,4
20605,49.67,596,37.0,444,17.75,213,73.5,882,46.08,553,13.83,166,0.17,2,10.58,127,157.42,1889,0.5,6,107.75,1293,3.92,47
20608,10.25,123,12.0,144,0.75,9,17.17,206,6.42,77,2.08,25,0.08,1,1.0,12,40.0,480,0.33,4,21.75,261,2.08,25
20610,14.5,174,22.17,266,2.83,34,26.33,316,14.17,170,2.5,30,0.17,2,2.5,30,51.42,617,0.25,3,35.58,427,1.83,22
20611,3.92,47,11.58,139,1.33,16,6.33,76,4.67,56,0.67,8,0.0,0,0.58,7,4.92,59,0.08,1,17.58,211,0.42,5
20612,14.0,168,15.0,180,4.58,55,20.58,247,11.92,143,4.17,50,0.0,0,3.17,38,36.75,441,0.17,2,42.17,506,3.0,36
20615,7.33,88,7.08,85,3.0,36,11.67,140,3.83,46,0.83,10,0.17,2,1.25,15,10.75,129,0.08,1,18.42,221,0.5,6
20617,1.75,21,1.83,22,0.0,0,1.42,17,0.67,8,0.17,2,0.0,0,0.25,3,6.0,72,0.0,0,2.67,32,0.17,2
20618,2.08,25,2.92,35,4.92,59,2.08,25,1.0,12,0.25,3,0.0,0,25.92,311,7.58,91,0.0,0,6.17,74,0.42,5
20619,231.92,2783,107.58,1291,86.67,1040,305.83,3670,135.58,1627,45.75,549,0.5,6,54.25,651,683.08,8197,6.33,76,459.58,5515,16.75,201
20620,10.33,124,17.08,205,1.08,13,21.83,262,4.58,55,1.0,12,0.17,2,1.17,14,7.5,90,1.58,19,21.75,261,0.75,9
20621,12.08,145,11.42,137,1.92,23,17.42,209,5.67,68,1.17,14,0.08,1,0.92,11,12.75,153,1.17,14,18.92,227,1.08,13
20623,14.67,176,13.58,163,4.42,53,26.17,314,9.17,110,1.0,12,0.0,0,3.58,43,18.0,216,1.25,15,27.75,333,1.42,17
20624,27.92,335,15.42,185,2.42,29,30.33,364,8.58,103,2.5,30,0.33,4,1.58,19,20.92,251,0.92,11,29.83,358,1.42,17
20625,16.83,202,11.67,140,2.83,34,33.58,403,7.83,94,5.83,70,0.25,3,2.0,24,17.92,215,1.0,12,21.75,261,1.0,12
20626,60.25,723,28.42,341,11.08,133,59.17,710,32.42,389,11.25,135,0.5,6,3.25,39,118.33,1420,1.0,12,76.67,920,3.25,39
20627,21.58,259,13.67,164,4.67,56,28.0,336,10.58,127,2.33,28,0.17,2,1.5,18,19.67,236,0.42,5,26.08,313,1.5,18
20628,68.08,817,19.67,236,24.0,288,83.58,1003,57.0,684,9.33,112,0.42,5,13.0,156,185.67,2228,1.08,13,65.58,787,7.33,88
20629,12.42,149,12.5,150,8.92,107,22.75,273,18.0,216,5.75,69,0.25,3,2.92,35,17.92,215,1.0,12,47.92,575,2.42,29
20630,46.42,557,12.75,153,9.92,119,48.0,576,21.58,259,2.17,26,0.17,2,5.67,68,52.25,627,0.33,4,31.0,372,2.75,33
20631,13.67,164,2.58,31,0.92,11,15.75,189,6.42,77,0.92,11,0.0,0,1.0,12,18.25,219,0.0,0,7.75,93,0.92,11
20634,19.0,228,13.33,160,6.0,72,23.17,278,9.42,113,3.92,47,0.17,2,1.42,17,21.67,260,0.17,2,22.17,266,2.33,28
20635,9.33,112,12.5,150,2.33,28,14.67,176,8.75,105,4.0,48,0.17,2,0.25,3,13.33,160,1.25,15,25.92,311,1.17,14
20636,16.08,193,3.58,43,1.67,20,13.17,158,7.67,92,1.83,22,0.08,1,1.58,19,42.83,514,0.25,3,15.0,180,0.75,9
20637,9.33,112,5.75,69,0.83,10,13.17,158,6.33,76,1.75,21,0.0,0,0.75,9,27.58,331,0.0,0,11.33,136,0.5,6
20638,6.75,81,6.25,75,0.5,6,15.42,185,6.5,78,0.92,11,0.0,0,0.83,10,12.17,146,0.0,0,9.83,118,0.83,10
20640,12.33,148,5.33,64,2.0,24,10.58,127,12.67,152,0.83,10,0.08,1,1.0,12,13.17,158,0.25,3,15.25,183,1.17,14
20641,4.67,56,6.75,81,0.42,5,11.67,140,4.75,57,0.42,5,0.25,3,0.25,3,17.92,215,0.08,1,9.0,108,0.83,10
20642,2.67,32,1.67,20,0.17,2,6.25,75,2.67,32,0.5,6,0.08,1,0.42,5,4.0,48,0.0,0,5.92,71,0.33,4
20643,12.92,155,6.5,78,4.25,51,20.75,249,12.92,155,1.5,18,0.0,0,1.75,21,49.25,591,0.0,0,14.5,174,1.25,15
20644,8.83,106,3.33,40,2.42,29,9.92,119,7.25,87,0.58,7,0.08,1,0.5,6,12.42,149,0.08,1,9.75,117,1.08,13
20645,3.75,45,1.42,17,0.75,9,7.08,85,2.0,24,0.33,4,0.0,0,0.33,4,9.0,108,0.08,1,3.92,47,0.42,5
20646,13.08,157,3.25,39,2.75,33,9.42,113,6.67,80,1.08,13,0.0,0,2.5,30,94.33,1132,0.0,0,9.42,113,1.33,16
20648,4.58,55,2.58,31,1.58,19,6.08,73,5.58,67,1.5,18,0.0,0,2.25,27,18.5,222,0.0,0,6.33,76,0.67,8
20649,28.0,336,13.75,165,3.17,38,27.17,326,16.08,193,1.0,12,0.0,0,3.0,36,46.67,560,0.42,5,17.58,211,0.92,11
20650,1.67,20,1.83,22,1.58,19,2.42,29,3.08,37,0.25,3,0.0,0,0.33,4,10.67,128,0.0,0,4.08,49,0.17,2
20652,17.5,210,5.75,69,2.08,25,12.75,153,10.92,131,1.92,23,0.0,0,2.0,24,33.33,400,0.08,1,18.08,217,1.0,12
20653,4.0,48,3.0,36,0.83,10,6.67,80,3.83,46,0.5,6,0.0,0,0.5,6,7.08,85,0.0,0,4.42,53,0.5,6
20655,22.58,271,12.83,154,47.0,564,37.83,454,19.33,232,4.58,55,0.17,2,11.17,134,71.08,853,0.42,5,38.08,457,3.58,43
20656,4.17,50,8.25,99,5.5,66,6.5,78,7.42,89,1.17,14,0.0,0,0.75,9,7.25,87,0.17,2,15.33,184,0.75,9
20657,29.33,352,11.92,143,37.83,454,27.75,333,22.33,268,2.58,31,0.0,0,2.25,27,132.17,1586,0.83,10,37.83,454,1.92,23
20658,32.75,393,13.83,166,18.33,220,27.92,335,24.42,293,8.08,97,0.08,1,6.92,83,124.83,1498,0.08,1,45.67,548,2.0,24
20659,1.75,21,2.08,25,0.42,5,2.33,28,0.5,6,0.25,3,0.0,0,0.17,2,1.58,19,0.0,0,4.33,52,0.08,1
20661,14.42,173,8.0,96,9.5,114,11.42,137,9.0,108,3.75,45,0.0,0,1.25,15,49.08,589,0.17,2,14.5,174,1.5,18
20662,118.58,1423,40.83,490,57.0,684,131.58,1579,128.75,1545,28.08,337,0.33,4,35.75,429,296.0,3552,1.25,15,201.75,2421,6.33,76
20663,30.08,361,8.83,106,4.42,53,24.08,289,21.75,261,3.67,44,0.0,0,3.17,38,28.42,341,0.17,2,30.33,364,1.92,23
20666,10.25,123,4.58,55,0.92,11,8.67,104,6.67,80,0.5,6,0.0,0,4.25,51,7.0,84,0.17,2,9.75,117,0.58,7
20667,11.67,140,11.25,135,3.25,39,13.92,167,11.42,137,2.83,34,0.0,0,2.08,25,11.75,141,0.08,1,36.92,443,0.92,11
20669,59.75,717,45.42,545,34.0,408,86.25,1035,73.0,876,11.42,137,0.42,5,19.17,230,183.5,2202,1.17,14,101.5,1218,4.5,54
20670,16.83,202,13.25,159,3.17,38,14.5,174,19.83,238,2.75,33,0.0,0,4.75,57,30.08,361,0.25,3,32.08,385,1.17,14
20671,53.83,646,33.75,405,25.17,302,81.58,979,72.33,868,11.67,140,0.58,7,10.92,131,180.08,2161,1.67,20,88.67,1064,5.67,68
20674,2.08,25,3.0,36,1.17,14,2.5,30,2.33,28,0.17,2,0.08,1,0.17,2,2.92,35,0.0,0,5.92,71,0.33,4
20675,134.08,1609,84.08,1009,57.17,686,128.83,1546,108.58,1303,39.33,472,0.83,10,32.33,388,369.92,4439,4.42,53,262.67,3152,12.17,146
20676,10.58,127,14.83,178,1.42,17,11.75,141,11.33,136,1.92,23,0.08,1,0.25,3,8.33,100,0.08,1,18.83,226,1.08,13
20677,4.33,52,8.33,100,1.25,15,5.83,70,7.67,92,1.83,22,0.0,0,1.75,21,15.5,186,0.17,2,9.42,113,0.58,7
20680,11.75,141,17.75,213,1.92,23,12.08,145,15.33,184,2.0,24,0.08,1,1.58,19,10.08,121,0.25,3,28.33,340,0.5,6
20682,34.0,408,17.5,210,17.83,214,38.33,460,26.17,314,5.58,67,0.0,0,6.58,79,74.25,891,0.75,9,40.08,481,2.42,29
20683,21.08,253,13.5,162,9.42,113,16.42,197,15.33,184,3.67,44,0.08,1,3.08,37,26.83,322,0.58,7,28.83,346,0.75,9
20684,8.42,101,9.25,111,1.58,19,7.08,85,7.92,95,1.25,15,0.08,1,1.33,16,7.17,86,0.67,8,20.5,246,0.42,5
20685,7.08,85,7.33,88,1.5,18,5.92,71,6.0,72,1.17,14,0.0,0,0.92,11,8.42,101,0.17,2,11.08,133,0.58,7
20687,24.25,291,22.42,269,9.0,108,20.83,250,28.08,337,3.75,45,0.25,3,9.33,112,45.75,549,0.5,6,41.67,500,1.67,20
20688,34.5,414,27.92,335,10.0,120,30.67,368,20.0,240,5.5,66,0.08,1,5.83,70,88.08,1057,0.67,8,42.5,510,3.58,43
20689,22.67,272,18.92,227,4.25,51,18.67,224,20.58,247,4.5,54,0.5,6,2.58,31,32.67,392,0.5,6,29.75,357,1.17,14
20690,14.83,178,8.83,106,4.5,54,12.42,149,17.08,205,2.17,26,0.0,0,4.75,57,32.42,389,0.25,3,23.25,279,0.75,9
20691,13.42,161,18.67,224,5.33,64,16.58,199,19.58,235,3.75,45,0.0,0,1.67,20,23.0,276,0.58,7,35.25,423,1.08,13
20692,2.0,24,3.42,41,0.08,1,2.83,34,1.75,21,0.25,3,0.0,0,0.33,4,2.83,34,0.0,0,5.25,63,0.08,1
20693,4.33,52,5.08,61,0.75,9,4.5,54,3.33,40,1.17,14,0.08,1,0.42,5,4.83,58,0.08,1,7.42,89,0.17,2
20695,11.25,135,7.42,89,0.83,10,12.42,149,6.08,73,1.5,18,0.08,1,1.08,13,25.67,308,0.08,1,16.33,196,0.33,4
20696,2.08,25,5.08,61,0.42,5,3.92,47,2.83,34,0.58,7,0.0,0,0.67,8,5.33,64,0.08,1,7.0,84,1.0,12
20697,2.42,29,3.5,42,0.92,11,4.58,55,5.33,64,0.33,4,0.0,0,0.42,5,13.33,160,0.0,0,6.08,73,0.42,5
20700,5.5,66,3.25,39,0.67,8,8.5,102,3.83,46,0.33,4,0.0,0,0.17,2,9.92,119,0.0,0,6.67,80,0.25,3
20702,6.75,81,17.08,205,7.75,93,16.67,200,9.25,111,2.25,27,0.0,0,2.33,28,16.08,193,0.58,7,42.42,509,1.67,20
20703,12.5,150,35.33,424,4.33,52,42.17,506,9.42,113,3.67,44,0.08,1,1.0,12,22.83,274,1.33,16,72.33,868,1.17,14
22222,3.0,36,11.08,133,0.83,10,4.75,57,4.08,49,0.83,10,0.0,0,0.25,3,2.58,31,0.08,1,20.08,241,0.17,2
