G-ID,Lat (WGS84 GPS),Long (WGS84 GPS),X (TM65 IE Grid),Y (TM65 IE Grid)
20441,52.3873013582901,-9.290020847864904,112219.0,126928.0
20117,52.912732928545466,-7.343783523053731,244196.0,184819.0
20424,52.56390329138765,-8.792062355964722,146337.0,146092.0
20217,52.0715882449584,-7.822050666710436,212252.0,91029.0
20522,53.39567459330229,-8.330633255636883,178054.0,238416.0
20700,54.98492092997603,-8.438645045972754,171966.0,415356.0
20649,55.065562773043425,-8.289459009170677,181554.0,424284.0
20653,54.65787579797861,-8.633091766709533,159189.0,379044.0
20500,53.26451052786653,-9.600485420053145,93255.0,224962.0
20652,54.95156211881422,-8.361276015161613,176900.0,411614.0
20393,51.83109038134758,-10.174172312126043,50174.0,66489.0
20642,55.125283638764344,-7.912551358185865,205627.0,430898.0
20643,55.13697693180667,-8.102026221975526,193541.0,432201.01
20488,53.51072859848197,-9.56493053482317,96228.0,252310.0
20218,52.04838105303443,-7.593052813451124,227969.0,88510.0
20503,53.24543219220744,-9.305625733112556,112890.0,222439.0
20288,51.89581891439854,-8.464993744273308,168040.0,71558.0
20383,52.152419927571856,-10.052541767024444,59567.0,101995.0
20476,53.27207603753367,-8.93189336462273,137877.0,225014.0
20648,54.764531353751934,-8.409493280112391,173689.0,390810.0
2079,53.85491462839025,-6.541144051785832,296047.0,290467.0
20378,52.323488752582186,-9.778893949144917,78762.0,120534.0
20259,52.311830977195214,-7.8783136866183385,208349.0,117754.0
20334,51.95101839792226,-7.728223818152784,218736.0,77633.0
20414,52.70769227667266,-8.61314353811537,158606.0,161975.0
20508,53.15664649635941,-8.806452293827853,146101.0,212066.0
20183,52.796281485424636,-6.154621812337727,324524.0,173255.0
20122,52.89097565494816,-7.018914481825755,266084.0,182647.0
20677,53.92537824487628,-7.583755601119815,227394.0,297403.0
2077,53.511373123791806,-6.39699718145525,306394.0,252439.0
20200,53.013937170084546,-6.107257359909776,327080.0,197557.01
20423,52.600633805544526,-8.971209153403912,134243.7,150327.68
20444,52.45992584496528,-9.287478260656396,112536.0,135006.0
20480,53.299749985500505,-8.749689110100304,150065.0,227951.0
20515,53.56869721606737,-8.252361662815376,183329.0,257652.0
2089,53.42325270434138,-7.944737175980633,203723.0,241436.0
20160,52.99020210439446,-6.988238376641441,267993.0,193718.0
20205,52.85602776912899,-6.326835352681524,312754.0,179619.0
20203,52.858788295741675,-6.212891209266205,320421.0,180111.0
2060,53.62363547027933,-6.9158638452681425,271783.0,264284.0
20384,52.16593110662076,-10.406208306073426,35414.0,104242.0
20365,51.945774101723224,-9.16920162737274,119653.0,77660.0
20682,53.91520866506998,-6.969623829215438,267755.0,296683.0
2072,53.61433456287878,-6.191175749225228,319756.0,264224.0
20554,53.80186739269683,-9.1298725343769,125604.0,284167.0
20538,53.89991931885415,-8.584586744693093,161621.0,294647.0
20562,54.112857198265154,-9.160436953820255,124157.0,318813.0
20676,53.93110766626121,-7.409626745030061,238828.0,298122.0
20695,54.05459793808792,-7.796963450876149,213346.0,311725.0
20521,53.32842738266902,-8.223628221174778,185149.0,230904.0
20304,51.888238344732024,-8.590317436526401,159406.0,70777.0
20574,53.66964476421277,-8.957721947974402,136748.0,269284.0
20338,51.73591813372444,-8.948872579935227,134499.0,54090.0
20442,52.47213282957723,-8.862846107040431,141415.0,135935.0
20266,53.01835367905519,-8.030461467189161,198005.0,196372.0
20244,52.58595849729061,-7.540963778586709,231163.0,148351.0
20337,51.80408804851253,-8.570546062916462,160694.0,61403.0
20539,53.740778281014464,-8.635814743451938,158095.0,276963.0
20576,53.624607620993515,-9.226218123128573,118916.0,264544.0
20656,54.57779825049869,-8.12541830838209,191938.0,369953.0
2061,53.53270211642696,-6.967158019882983,268536.0,254113.0
20157,52.743227320316066,-6.7721703583846065,282972.0,166461.0
20670,54.128941531404365,-6.9048042571642805,271646.0,320536.0
20626,54.7996428870565,-7.78104970750429,214130.0,394664.0
20407,52.51125734134547,-9.670244699928123,86652.0,141250.0
20690,54.118998962159345,-7.580195145238634,227500.0,318956.0
20333,51.830328442634496,-8.013098611987209,199147.0,64169.0
20570,54.02576517368276,-9.825852030176963,80393.0,310039.0
20193,52.27886582658564,-6.839204482368271,279276.0,114714.0
20349,51.55911238537736,-9.460780534877488,98743.0,35003.0
20370,52.178234233330755,-9.230970131544,115844.0,103595.0
20408,52.45585251849741,-9.663101445993703,86995.0,135074.0
209,53.344756346445315,-6.3579832485786305,309409.0,233956.0
20520,53.52186419347112,-8.328387423169989,178268.0,252460.0
20238,52.468328689684576,-7.201520291243413,254315.0,135462.0
20584,53.763970334761225,-8.76740657858304,149440.0,279630.0
20405,52.389175137106456,-9.827468422252537,75635.0,127925.01
20689,53.863107685039694,-7.208766036383753,252106.0,290682.0
20433,52.37071032352184,-8.345472717045363,176519.0,124355.0
20121,52.94295145467412,-7.043234880837375,264370.0,188409.01
20216,52.26722479322821,-7.7177082636817325,219322.0,112821.0
2095,53.561310410857104,-7.76084081526472,215897.0,256827.0
2091,53.49108066184703,-7.681734018343674,221174.0,249031.0
20599,54.08742997205949,-8.515227594522896,166332.0,315483.0
2021,53.39453438574936,-6.263700506565392,315553.0,239644.0
20107,53.58631413202993,-7.534942763057639,230848.0,259684.0
20421,52.597270385539325,-8.548926266988387,162853.0,149652.0
20314,52.0602053191072,-8.099315498060044,193238.0,89752.0
20260,52.27020104057031,-8.09774610109937,193377.0,113119.0
20655,54.49874568476236,-8.20481677786261,186778.0,361165.0
20469,53.11615817047474,-9.147110254597667,123241.0,207871.0
20357,51.48348309691122,-9.37226008798466,104724.0,26470.0
20162,52.9389889015224,-6.709769110428188,286795.0,188319.01
20126,53.190534021060635,-7.98592537780963,200990.0,215534.0
20335,51.74508552912841,-8.739865287047339,148948.0,54943.0
20569,54.14397655265397,-9.747075149139349,85880.0,323065.0
20285,52.44925211131247,-8.065591872053984,195590.0,133041.0
20343,51.68027152228208,-9.455234102293652,99396.0,48475.0
20550,53.48054597143154,-8.722459859684779,152084.0,248054.0
20401,52.05976733132101,-9.340943755769363,108078.0,90547.0
20566,54.221749911280135,-9.985583040568331,70539.0,332132.0
20364,51.851864169291076,-9.228984556472053,115366.0,67279.0
20691,54.1011639078617,-7.442615719224657,236512.0,317033.0
20235,52.5903029718214,-7.183235224834883,255404.0,149049.0
20125,53.09604826814636,-7.911513687177697,205977.0,205022.0
20293,51.880666667903206,-8.514618025731577,164612.0,69895.0
20618,54.29148154263697,-7.8761891293341195,208111.0,338081.0
20291,51.894325688819045,-8.404477114774783,172205.0,71367.0
2044,53.299755743243644,-6.177501074750233,321556.0,229240.0
20703,53.963753863786145,-6.3682390849029735,307145.0,302828.0
20186,52.445403743924864,-6.348827335442853,312320.0,133894.0
2031,53.38991966501459,-6.380972289469859,307764.0,238947.0
20303,51.931965054156954,-8.567658396624639,161004.0,75630.0
20163,53.17026535958519,-6.5337341150056405,298103.0,214283.0
20371,52.158973454728205,-9.069757262899657,126840.0,101277.0
20561,54.10955157563774,-9.028957396919406,132750.0,318312.0
20242,52.60180338755652,-6.9293064160282345,272594.0,150554.0
20124,52.93929682834296,-7.628806902281346,225006.0,187638.0
20265,52.9971202114969,-8.127015204541113,191521.0,194016.0
20277,52.75149188425846,-7.955371180169644,203063.0,166674.0
20505,53.25880666865598,-9.07974422548356,127991.0,223676.0
20530,53.97336890088176,-8.3003928411715,180337.0,302706.0
2040,53.19867883898722,-6.100591514233755,326982.0,218126.0
20290,51.9004711384695,-8.47702741870969,167215.0,72081.0
2035,53.34707716540723,-6.2741298448966525,314987.0,234346.0
20431,52.4773299034865,-8.546977253974452,162884.0,136304.0
20435,52.42316680886075,-8.650334760388088,155807.0,130335.0
20181,52.656757455063655,-6.662471883544675,290559.0,156971.0
20628,55.131261678708476,-7.450703633838558,235086.0,431698.0
20657,54.47655169322933,-8.27933589991076,181940.0,358711.0
20629,55.054669701100856,-7.4015876915790795,238292.0,423197.0
20321,52.22931455639628,-8.671282529139283,154182.0,108777.0
2039,53.260790556833506,-6.1506536420770725,323458.0,224950.0
2028,53.36498119057735,-6.307628979140498,312709.0,236285.0
20387,51.94696579602128,-10.219845444934176,47419.0,79475.0
20422,52.59381925774855,-8.469538097178313,168230.0,149230.0
20258,52.37596774217192,-7.920293299979812,205478.0,124887.0
20230,52.54237234366931,-7.391035493081938,241366.0,143576.0
20198,52.28778208387642,-6.939622129468571,272408.0,115601.0
20438,52.6146734209625,-8.338485381043482,177122.0,151501.0
20284,52.5831589180646,-8.164839741615678,188876.0,147953.0
20214,52.1458893084791,-7.8457252898083185,210611.0,99293.0
20153,53.338460297702206,-6.9366994002518085,270878.0,232525.0
2053,54.04122662874907,-6.187215774455322,318804.0,311739.0
20154,52.840526097558744,-6.929318426967474,272198.0,177119.0
20487,53.323565487127716,-9.824117504040137,78502.0,231891.0
20630,55.25350678945487,-7.259462221561332,247140.0,445420.0
20184,52.71050610553708,-6.491760067087934,301985.0,163180.0
20637,55.175125610078275,-7.798485298373884,212888.0,436462.0
20197,52.362374162220675,-6.759712298138499,284542.0,124096.0
20669,53.97606408995971,-6.718775995443777,284115.0,303725.0
20194,52.23814203799101,-6.734019252205116,286534.0,110303.0
20605,53.94434095116947,-8.090150059403873,194129.0,299437.0
20256,52.3481531667575,-7.409895549217047,240263.0,121953.0
20295,51.81483163716114,-8.391541786483225,173048.0,62517.0
20696,53.97559474695478,-7.646699692161793,223231.0,302970.0
20620,54.95118489968593,-7.426756371905662,236778.0,411663.0
20307,51.909468079642345,-8.261817349979891,182032.0,73007.0
20262,52.51633759043351,-7.890297892111208,207497.0,140510.0
20551,53.8534329616345,-9.297618921894331,114657.0,290095.0
2048,53.89926349198606,-6.389939171449739,305884.0,295618.0
20671,54.11786086131444,-6.735035715285223,282766.0,319488.0
20175,52.38470518220822,-6.452557699074843,305412.0,126984.0
20231,52.79926709052732,-7.2095394119268015,253366.0,172283.0
20416,52.71340537913159,-8.498474928493083,166361.0,162551.0
20161,52.90922129309997,-6.8491727247856815,277476.0,184847.0
20621,54.802695106305286,-7.595229234565368,226079.0,395057.0
20382,52.25416836136177,-10.020622089078973,62067.0,113254.0
20399,52.23037550963061,-9.46280371091197,100103.0,109691.0
20395,52.17023401100352,-9.700594332791118,83700.0,103354.0
20108,53.67848343430774,-7.296628800499848,246529.0,270072.0
20537,53.76663430244349,-8.48405941247235,168128.0,279762.0
20351,51.649483430730776,-9.914681807630144,67530.0,45783.0
20318,52.170730507405736,-8.467954285766394,168033.0,102149.0
20675,53.99333432320539,-7.360871214791803,241968.0,305076.0
20142,53.343999069878684,-6.5417272564009865,297174.0,233606.0
20582,53.962743609539864,-8.793508783736877,147966.0,301773.0
20322,52.356053006925094,-8.682564140562762,153544.0,122887.0
20506,53.121307739016295,-9.667819366805588,88391.0,209129.0
20143,53.29365605523458,-6.685889732112522,287676.0,227817.0
20135,53.345415033586505,-7.614099641302238,225751.0,232841.0
20572,53.72361271568632,-8.985062338098368,135024.18,275315.22
20483,53.48818035420877,-10.009238508713883,66684.0,250540.0
20489,53.393575073889,-9.92110051800096,72250.0,239851.0
20127,53.224848947308644,-7.877514799166403,208230.0,219360.0
20263,52.27690015363854,-7.99533735876108,200368.0,113860.0
20650,54.83677256296998,-8.42749840116493,172579.0,398859.0
2049,53.790413345850105,-6.242667149622508,315864.0,283734.0
20352,51.624947241422326,-8.888911314529842,138491.0,41691.0
20528,53.36839885197506,-8.034658376380598,197742.0,235330.0
20116,53.14861753990488,-7.526043505534551,231761.0,210974.0
20136,53.25914193587359,-7.085759745398474,261062.0,223560.0
2012,53.32314493975407,-6.394953512815407,307001.0,231495.0
20663,54.177493196447905,-7.228150395834803,250449.0,325661.0
20631,55.26300915481674,-7.412819148073707,237379.0,446385.0
20251,52.3540903187082,-7.6999390807841275,220495.0,122492.0
20191,52.45037365355303,-6.71586382110903,287355.0,133940.0
2027,53.363546441454595,-6.220148024246521,318536.0,236267.0
20267,52.941964844517344,-8.039719844687376,197379.0,187871.0
20329,51.862762729259615,-8.123500723217845,191542.0,67785.0
20363,51.9091333588964,-8.791133988317993,145605.0,73233.0
20306,51.84823640078269,-8.303646542331956,179125.0,66205.0
2080,53.77785191932693,-6.484899297724862,299931.0,281968.0
20593,54.18547743819724,-8.487862821810053,168198.0,326384.0
20577,53.54147161058072,-9.28653729653086,114758.0,255362.0
20627,54.859322004234855,-7.669000426604588,221305.0,401336.0
20595,54.172368150795634,-8.603379578018835,160644.0,324983.0
2023,53.39033617695974,-6.2010965283261825,319729.0,239280.0
20688,54.07470543064646,-7.07869606240366,260357.0,314337.0
20470,52.94748854906269,-9.068571458739353,128220.0,189019.21
20549,53.43762622618142,-8.863071704911246,142691.0,243381.0
20182,52.64425319785284,-6.230518095695523,319821.0,156210.0
20509,53.22943011355791,-8.733920883974491,151036.0,220114.01
20519,53.5948615212139,-8.363794719269313,175961.0,260596.0
20366,51.85865435874869,-8.801265502565755,144846.0,67624.0
20426,52.52199964755425,-8.718795523763141,151259.0,141377.0
20296,51.80397166907402,-8.304451224415997,179049.0,61280.0
20558,54.09980927260472,-9.32269267574709,113519.0,317547.0
207,53.31957100358385,-6.315009588943794,312337.0,231220.0
20448,52.938477863213656,-8.898639436503174,139630.0,187860.0
20137,53.292955885792075,-7.293563527534107,247157.0,227166.0
2088,53.61445817586418,-7.090080256512498,260269.0,263101.01
20381,52.13924737726468,-10.27050250308759,44605.0,100974.0
20268,52.79713750549527,-8.192108209688955,187091.0,171770.0
20658,54.652425759436426,-8.111053604501704,192880.0,378259.0
20323,52.21570700593769,-8.585413988622697,160037.0,107212.0
205,53.32173398843589,-6.235906842929134,317602.0,231588.0
20294,51.87508885895769,-8.430963194954357,170369.0,69237.0
20617,54.19042468626393,-8.015251683355721,199053.0,326825.0
20350,51.65902594411821,-9.263980478194581,112583.0,45865.0
20359,51.64771323184212,-9.15452728261134,120137.0,44481.0
2047,53.71506055975043,-6.35664699113855,308547.0,275168.0
2055,54.09568110956091,-6.360826005251554,307291.36,317522.13
20327,52.338218383501996,-8.911265688826457,137937.0,121074.0
2097,53.82170002862936,-7.765932972882527,215464.0,285808.0
20608,54.04650718717882,-8.039976983037679,197430.0,310806.0
2022,53.429888887776926,-6.245482800564008,316668.0,243608.0
2081,53.65386962761335,-6.4180639035389815,304644.0,268266.0
20641,55.182915881865355,-7.97444499432617,201676.0,437311.0
203,53.28991544942522,-6.133348448497407,324528.0,228221.0
2065,53.421090395349566,-6.477144368540463,301292.0,242275.0
20195,52.22139579228457,-6.929776293657203,273189.0,108224.0
2052,53.99950418170534,-6.4096645114954915,304337.0,306745.0
2045,53.28954478038918,-6.242572650503322,317246.0,227995.0
20213,52.087686740466296,-7.624483992929479,225790.0,92872.0
20164,53.05877818064921,-6.7010606533519015,287139.0,201660.0
2050,53.82852148689416,-6.394568114689188,305758.0,287738.0
20358,51.722830725425254,-9.110144327219453,123336.0,52791.01
20207,52.148382950608934,-6.9928722232992575,268990.0,100038.01
20548,53.6175533971174,-8.740632363718941,151036.0,263315.0
2067,53.51076227519818,-6.5393074452062905,296955.0,252168.0
20119,52.844259868175925,-7.3960934153458595,240741.0,177168.0
20348,51.62054463412344,-9.52396124087452,94504.0,41927.0
20138,53.336833484932576,-7.060814757366147,262613.0,232228.0
20105,53.695579622420865,-7.605981072568184,226076.0,271817.0
20533,53.84581721800117,-8.192476180086349,187380.0,288484.0
20282,52.46513212658871,-8.354185169800843,175977.0,134865.0
20667,54.33936038497519,-6.957595988100821,267849.0,343905.0
2071,53.415106866140306,-6.833855598027455,277589.0,241162.01
20447,52.846921556282986,-8.981114553394075,133945.89,177743.83
20185,52.50073357808049,-6.570684176729503,297114.0,139729.0
20564,54.21384742281886,-9.088508003272274,129034.0,329979.01
2041,53.19134682970826,-6.169520161124471,322397.0,217190.0
20468,52.93739797229613,-9.288542855926194,113414.0,188139.0
20495,53.1994290536291,-8.132368997085882,191203.0,216532.0
20400,52.17139609788518,-9.549683492325073,94027.0,103252.0
20128,53.27075510890053,-7.827622119125677,211550.0,224476.0
20312,52.138519448249006,-8.2741686190807,181278.0,98497.0
20187,52.590994100497284,-6.497757473725152,301857.0,149873.0
20208,52.267463880299175,-7.101119948897246,261416.0,113191.0
20255,52.46639778308201,-7.694422498529012,220818.0,134991.0
2030,53.38961761394005,-6.306756724173673,312702.0,239028.0
2033,53.35774027298264,-6.2553585219148635,316208.0,235563.0
20585,53.98328859199837,-9.108403764272527,127334.0,304337.0
20427,52.60973045857703,-9.103675314563397,125284.0,151469.0
20534,53.869238878710526,-8.405601524773767,173367.0,291150.0
20229,52.732438843745356,-7.394413668341298,240959.0,164725.0
20475,53.27134198806543,-9.058277481173905,129444.21,225049.64
2076,53.56705215406284,-6.383902682724667,307122.0,258655.0
20308,51.91835656324452,-8.39684454066213,172745.0,74038.0
20325,52.104693664651755,-8.748761288503266,148745.0,94962.0
22222,53.47172338785914,-7.863520908083439,209112.0,246838.0
20571,54.24083558544882,-9.678760808202238,90600.0,333737.0
20547,53.60744628717104,-8.560177681302862,162969.0,262081.0
20390,52.05712150596323,-9.937064000613656,67187.0,91175.0
20347,51.7505606510226,-9.550705866748158,92959.0,56431.01
20211,52.3538416070606,-7.028009741721144,266278.0,122867.0
20428,52.56958858208181,-9.284507087000424,112955.0,147205.0
20177,52.372769525697706,-6.582881780458168,296565.0,125474.0
20588,53.9337301993645,-9.918479238080586,74046.0,299957.01
20283,52.4967707273353,-7.984696391850954,201089.0,138327.0
20232,52.630034727353966,-6.9944280357809125,268138.0,153632.0
20180,52.675041615508654,-6.2972569013360715,315223.0,159527.0
20507,53.067438364091075,-8.81818205913092,145203.0,202147.0
20236,52.54246766411249,-6.956766834172147,270829.0,143924.0
20103,53.778553691553434,-7.494213821871545,233393.0,281099.0
20598,54.39336613216689,-8.520743888216977,166222.0,349540.0
2043,53.14796613639136,-6.0631595941533405,329636.0,212550.0
20302,51.9034369920105,-8.496585877110977,165871.0,72420.0
20601,53.99296903561633,-8.515830192614693,166216.0,304969.0
2054,54.03163951633277,-6.5241563700815774,296755.0,310159.0
20169,52.864341961353034,-6.556977004663196,297234.0,180208.0
20479,53.47031603115674,-9.098310499763018,127114.0,247234.0
20417,52.66166724812851,-8.631609309166013,157313.0,156864.0
20245,52.64257572081292,-7.872904031809865,208653.0,154560.0
20434,52.475233454973576,-8.432455584415427,170664.0,136018.0
2029,53.3872921460248,-6.068993106152862,328526.0,239171.0
20502,53.24058695011895,-9.429563791070905,104606.0,222058.0
20336,51.76442425488859,-8.655446717727838,154798.0,57039.0
206,53.33824379520832,-6.2233342013018405,318394.0,233446.0
20369,52.17586827280325,-8.912579522200543,137620.0,103010.0
20535,54.05064923882682,-8.137296213105103,191056.0,311275.0
20345,51.75504430146497,-9.375318534234617,105080.0,56687.0
20591,53.97537464356828,-10.08224080424906,63428.0,304895.0
2058,53.728405172915146,-6.881214939831643,273892.0,275980.01
2098,53.621954198084275,-7.815098817911817,212284.0,263566.0
20398,51.878499182507,-9.581620788689714,91133.0,70711.0
20638,55.137136378968364,-7.666326718220733,221329.0,432265.0
2036,53.33897817123413,-6.270238036575657,315268.0,233451.0
2093,53.36854658678892,-7.4991770674153955,233387.0,235463.0
20341,51.673531820289774,-8.690114414525004,152309.0,46948.0
2069,53.40384283168407,-6.672496348818116,288341.0,240096.0
20523,53.33137582037104,-8.401657178259176,173289.0,231284.0
20129,53.176181491135324,-7.728833567077193,218181.0,213971.0
20148,53.12914139049575,-6.746567647749939,283951.0,209436.0
20146,53.156038106972076,-6.907264949767331,273149.0,212253.0
20315,52.24543957997241,-8.429619762632889,170705.0,110446.0
20460,52.67460178094078,-9.105841231350492,125248.0,158690.0
20461,52.68240567386385,-9.644721435093027,88819.0,160254.01
20583,53.87335895500772,-8.843447121189653,144570.0,291862.0
20228,52.652442997986824,-7.259726713038376,250149.0,155908.0
20221,52.17732123489257,-7.335107752459452,245534.0,102988.0
20559,54.21410127769032,-9.22051039852936,120423.0,330148.0
20462,52.806663486612166,-8.443666889433668,170129.0,172905.0
20396,52.062401785506964,-9.512385205267984,96326.0,91071.0
20330,51.93975740525371,-7.994968196755849,200396.0,76345.0
20246,52.568523066356285,-7.67282938140491,222234.0,146362.0
20693,54.01175296031553,-7.525936918599466,231128.0,307041.0
20492,53.165885533705215,-8.294193387402009,180373.0,212831.01
20392,52.10649754600937,-9.78714888090826,77604.0,96405.0
2084,53.514714515987606,-7.139659706791872,257122.0,251959.0
20212,52.314563158722,-7.174847361396193,256323.0,118372.0
20640,55.02949552022804,-7.778514071290663,214212.0,420253.0
20222,52.20619239446115,-7.4213311323392706,239610.0,106150.0
20573,53.58260111873209,-9.123791698395726,125619.0,259757.0
204,53.341866088698616,-6.304265488048896,312994.0,233718.0
20436,52.39838189151488,-8.575765459961575,160858.0,127534.0
20223,52.24624784766058,-7.245045762910242,251615.0,110718.0
20240,52.46091781332881,-7.329281650722036,245640.0,134549.0
20176,52.17866273175262,-6.583725696502872,296930.0,103875.0
20680,53.8584681950978,-7.317913545723746,244930.0,290091.0
20497,53.23021888409321,-8.452446713738912,169834.0,220046.0
20455,52.64106686159322,-9.481074809753931,99791.0,155414.0
20252,52.36152414409733,-7.579801401252593,228676.0,123360.0
20581,53.84605366890051,-9.005758506639895,133851.0,288962.0
20524,53.23757892963811,-8.271335358219254,181932.0,220804.0
20316,52.17625574472566,-8.249564760843105,182977.0,102690.0
20683,53.90431108986489,-6.8067569023996075,278477.0,295638.0
20615,54.44577488271175,-8.286957093155571,181432.0,355287.0
2085,53.45592355310146,-7.102807826509307,259649.0,245446.0
20130,53.09841593044796,-7.722142949703856,218662.0,205318.0
20340,51.70631608112974,-8.525484570354518,163724.0,50501.0
20510,53.14047521975268,-8.939728284681571,137162.0,210375.0
20575,53.7953674607966,-8.918835662371679,139499.0,283243.0
20410,52.33066460598678,-9.385309011907472,105611.0,120746.0
20101,53.671008456457635,-7.985277265544293,201022.0,269010.0
2051,53.689200341649816,-6.243995079263054,316055.0,272468.0
20478,53.35705539603457,-8.931297328183426,138040.0,234471.0
20226,52.16932859419004,-7.521634026188019,232780.0,101998.0
20504,53.2943001625138,-9.655082407688704,89689.0,228360.0
2011,53.367379959637276,-6.498246526984434,300015.0,236268.0
20485,53.554206116725645,-9.947671001316195,70971.0,257774.0
20619,54.95469465525841,-7.736424775613654,216935.0,411935.0
20625,54.83282574299244,-7.480271035666837,233447.0,398460.0
20326,52.259564754905604,-8.806271046623257,144996.0,112237.0
20473,53.02862233934883,-9.28966472051026,113521.0,198292.0
20219,52.13667150428353,-7.935517768659914,204465.0,98258.0
20449,52.74605726879872,-9.154413711049171,122090.0,166693.0
20404,52.44713695856415,-9.48391675082372,99155.0,133839.0
20250,52.6407024938836,-7.734923975804714,217994.0,154377.0
20411,52.40407367399139,-9.616644380908983,90024.0,129241.0
2096,53.7325134612029,-7.8013701322460625,213158.0,275874.0
2068,53.45457179006587,-6.9269505123807775,271333.0,245457.0
20133,53.09365608722258,-8.122074097708216,191871.0,204759.0
20490,53.19737718357486,-8.56994838293144,161958.0,216447.0
20590,53.764607387749294,-9.80758617201625,80849.0,280944.0
2057,53.95239889871036,-6.537909678806446,296036.0,301321.0
2010,53.35605148533821,-6.4506720186154505,303209.0,235075.0
2074,53.52342871357104,-6.167336486634475,321594.0,254148.0
20361,51.90627224429567,-8.963993901852836,133705.0,73058.0
20499,53.33831141815586,-9.181165411046242,121369.0,232631.0
2024,53.451158855759964,-6.1519493325627685,322823.0,246132.0
20320,52.138769050840644,-8.645938826563702,155824.0,98686.0
20612,54.304359262930326,-8.178506253679759,188428.0,339522.0
20298,51.90968819030654,-8.428954488651401,170530.0,73086.0
20145,53.380814790291566,-6.5926923088028095,293699.0,237635.0
20418,52.673736457750906,-8.64482219040204,156431.0,158215.0
20328,51.91667701574344,-8.173526161548184,188110.0,73791.0
20324,52.342465958985564,-8.856403143022844,141682.0,121501.0
20636,55.086981017124,-7.698174225364113,219322.0,426672.0
20374,52.0600711215837,-9.061532351444649,127242.0,90264.0
20545,53.61160193516975,-8.897452009217389,140650.0,262772.0
20474,52.857454413587064,-9.400596857017431,105707.0,179384.0
20317,52.263587496768096,-8.270573597923724,181576.0,112413.0
2094,53.39573647793503,-7.734518184551652,217710.0,238405.0
20610,53.92083513157589,-7.8680683088579535,208717.0,296825.0
20662,54.25136634653279,-6.9675189507601525,267347.0,334101.0
20149,53.138196679529855,-7.0547098285533165,263312.0,210127.0
20279,52.881290963915816,-7.953439589420098,203184.0,181119.0
20481,53.37398627950168,-8.702326004052932,153304.0,236181.0
20210,52.29197195536098,-7.251584377227973,251115.81,115801.27
20526,53.471161245196974,-8.500104513318684,166839.0,246883.0
20697,54.64588703518906,-8.195671991375386,187416.0,377543.0
2034,53.36048626216546,-6.266813037659392,315438.0,235850.0
20112,53.11877990916087,-7.335136996367376,244565.0,207755.0
20113,52.99815214161696,-7.478067787199054,235093.0,194251.0
20634,55.19163153804163,-7.028575607749901,261918.0,438712.0
20529,53.48769143286199,-8.567020901697163,162410.0,248756.0
20275,52.734270399962575,-7.714104550242149,219362.0,164795.0
20635,55.06858581174472,-7.268768095195947,246764.0,424827.0
20159,52.70129999851832,-6.95736073657699,270533.0,161598.0
20684,53.81114299126564,-6.943182878558067,269665.0,285126.01
20253,52.510151378180815,-7.50558192602819,233619.0,139931.0
20241,52.36637990406877,-7.172149438572066,256441.0,124140.0
2083,53.52569844621908,-7.345952275009768,243426.0,253036.0
20109,53.62422790445172,-7.392323637957173,240257.0,263975.0
20439,52.649683319609444,-8.399185541897186,173032.0,155418.0
20158,52.68752197120956,-6.778436916647934,282654.0,160255.01
20661,54.63659787069605,-8.444399599948799,171352.0,376582.0
20646,54.795546235587,-8.280983807332017,181975.0,394222.0
20141,53.21072073478486,-6.666007121063252,289174.0,218612.0
2078,53.65451786209057,-6.6904192752816725,286636.0,267972.0
20264,52.864276002583885,-8.199575523814385,186608.0,179243.0
20192,52.38756477294114,-6.950803424769693,271484.0,126693.0
20150,53.181432293226464,-6.795526581942411,280576.0,215199.0
20440,52.45374942062164,-9.062394475457038,127825.0,134070.0
20373,52.2145758009989,-8.996986949445631,131905.0,107393.0
20450,52.76317457318035,-8.899116503535188,139354.0,168352.0
20587,53.89016913996197,-9.54668619456086,98357.0,294512.0
20702,52.71068869128745,-8.406284073099396,172589.81,162209.57
20623,54.99759429175171,-7.507798561422407,231549.0,416790.0
20202,53.0968928959584,-6.109439399051333,326690.0,206784.0
2063,53.820956755126616,-6.746641280000802,282592.0,286429.0
2062,53.76927816795021,-7.1619262041417215,255311.0,280274.0
2056,54.08653678839078,-6.256306384231813,314154.0,316668.0
20286,52.52998854864894,-8.259680872818219,182426.0,142055.0
20498,53.4273545901461,-9.324537050412008,112003.0,242708.0
20190,52.50333718736396,-6.391324819627887,309287.0,140275.0
20189,52.424082401534264,-6.52960742715046,300077.0,131256.0
20437,52.56874594292017,-8.338176320296641,177119.0,146390.0
20425,52.640548026986224,-8.866539093538913,141389.0,154679.0
20555,53.69867994971134,-9.279591468720596,115533.0,272850.0
20209,52.239177268613794,-6.972811439184697,270220.0,110160.0
20297,51.86518254982985,-8.331748621931144,177197.0,68099.0
20420,52.5957501813031,-8.71294735608008,151737.0,149580.0
201,53.345703145442286,-6.256270656531839,316180.0,234222.0
20659,54.548230998078786,-7.834878012099452,210734.0,366667.0
20257,52.34982201036382,-7.325476951200932,246014.0,122189.0
20114,53.1591630733976,-7.187796239442557,254379.0,212351.0
20111,53.03165190702914,-7.303075277516881,246806.0,198079.0
20224,52.286258677090174,-7.317606834178772,246617.0,115121.0
20391,51.88516357268539,-10.361780917385786,37438.0,72907.0
20269,52.881907030806744,-8.353676285339953,176239.0,181245.0
20496,53.09001061042728,-8.22042230547958,185281.0,204369.0
2026,53.37898641369849,-6.177980530267399,321299.0,238056.01
20644,55.036651013560935,-7.650725323618176,222380.0,421083.0
20624,54.87440212294029,-7.594370183894731,226088.0,403040.0
20151,53.22212196676093,-6.997540865173592,267007.0,219519.0
2014,53.28179332833403,-6.464710550302071,302452.0,226791.0
20313,52.076081354688704,-8.284331440585854,180555.0,91552.0
20120,52.85671591719932,-7.597832656798697,227140.0,178459.0
20201,52.93099503578953,-6.226499988052657,319306.0,188123.0
2015,53.29738793993335,-6.288149184300443,314186.0,228794.0
20225,52.30745318558883,-7.503769152710909,233897.0,117376.0
20430,52.52336954868407,-8.939032218435862,136312.0,141701.0
2017,53.32131831184267,-6.267005522175023,315531.0,231491.0
20376,52.084274267614575,-9.214233083895154,116814.0,93121.0
20645,55.09579934540517,-7.53256182214256,229891.0,427712.0
20170,52.880429572357976,-6.695362012447717,287882.0,181820.0
20139,53.351093640611246,-7.194827696189566,253668.0,233706.0
20602,54.1295711300253,-8.399999912282016,173899.0,320125.0
20147,53.27022261160859,-6.816384322999007,279018.0,225057.0
2086,53.413280075668794,-7.301826490151606,246475.0,240552.0
20674,54.120162799458754,-7.009370558602631,264824.0,319458.0
2013,53.33789563131259,-6.40601991383977,306227.0,233120.0
20611,53.83286485078121,-7.9228258869008,205130.0,287028.0
20501,53.386369117173224,-9.60990693194026,92932.0,238537.0
20514,53.629839128101594,-8.193579792610247,187242.0,264445.0
20274,52.95615936030007,-7.798777688471793,213573.0,189469.0
20354,51.577565319463254,-9.031503978043274,128542.0,36549.0
20597,54.3053655362673,-8.546547272083378,164470.0,339757.0
20179,52.24874896037622,-6.334103759309023,313825.0,112036.0
20178,52.26964937312631,-6.384843635870392,310308.0,114283.0
20204,53.063045396869285,-6.224673684746286,319065.0,202820.0
20419,52.65078254067142,-8.614977723066566,158428.0,155643.0
2019,53.38973030936633,-6.2516299625101635,316369.0,239129.0
20464,52.90683081970757,-8.534770342978982,164068.0,184094.0
20344,51.52871643809008,-9.541356536105727,93084.0,31736.0
20666,54.280271359366324,-7.063627582457286,261040.0,337231.0
2042,53.23352900522929,-6.12100561184825,325516.0,221968.0
20452,52.70789357825589,-8.877222611748566,140757.0,162182.0
20685,53.99219788880657,-6.900789055026197,272145.0,305320.0
20278,52.686936189412826,-8.047135497054441,196862.0,159490.0
20167,52.75456602872421,-6.537502558398911,298794.0,168019.0
20131,52.98467929088535,-7.934135573968782,204473.0,192626.0
20578,53.51985055079648,-9.0876198816436,127908.0,252736.0
20454,52.7401006561165,-8.777943198542818,147506.0,165689.0
2073,53.57959427934089,-6.106954458677863,325432.0,260503.0
20355,51.54858689697628,-9.264133171841797,112360.0,33578.0
20594,54.24460295446579,-8.72039823991413,153084.0,333095.0
2082,53.709683172021705,-6.547507903106839,295959.0,274295.0
20592,54.2692541258543,-8.471261639295914,169344.0,335702.0
20106,53.86056395332334,-7.601680285300307,226257.0,290182.0
20394,51.8389125123664,-9.903960422731194,68822.0,66838.0
20484,53.46531909083613,-9.721434606356443,85724.0,247496.0
20237,52.536383265092404,-7.2285813065915345,252395.0,143015.0
2032,53.350451870152476,-6.252247134162363,316435.0,234757.0
20115,53.017674051100606,-7.151595618412548,256987.0,196633.0
20517,53.780763347120036,-8.103817107728732,193205.0,281231.0
20362,51.99050943355849,-8.760365552558875,147817.0,82265.0
2070,53.481959804356826,-6.733431057076537,284134.0,248716.0
208,53.33019505949488,-6.298724179839038,313394.0,232428.0
20692,54.19610671095101,-7.703836761552367,219379.0,327498.0
20580,53.940639443139496,-8.95220555612609,137517.0,299441.0
2025,53.45601931354164,-6.221114487383202,318215.0,246556.0
20173,52.32202496806725,-6.651721827285249,291982.0,119738.0
2016,53.28680560467453,-6.367839690324143,308900.0,227492.0
20215,52.09370495606811,-8.00730784346021,199549.0,93475.0
20413,52.572737402522634,-9.375430733052722,106797.0,147669.0
20368,51.83852684592237,-8.99285530296328,131616.0,65547.0
20527,53.40321840221997,-8.141042442859224,190668.0,239214.0
20276,52.77414832662607,-8.07501100323597,194987.0,169197.0
20272,52.796629103701676,-7.835080794476258,211174.0,171709.0
20273,52.790293867277434,-7.720095859799581,218933.0,171028.0
2018,53.30981410046755,-6.2880269947194725,314161.0,230177.0
20234,52.528952073217795,-7.140037147090545,258413.0,142256.0
20243,52.67571580679915,-7.81189822361592,212773.0,158257.0
20342,51.64266349507233,-8.766251604082589,147006.0,43566.0
20168,52.796724353677114,-6.4692815115149225,303300.0,172806.0
20280,52.47605458024209,-8.162894902863714,188981.0,136034.0
20292,51.876428170449316,-8.486298515058833,166559.0,69410.0
20270,52.84968298286886,-8.036504544958731,197590.0,177601.0
20379,52.26949179842672,-9.708843556685329,83396.0,114411.0
20220,52.16147191937261,-7.153410570854187,257984.0,101354.0
2064,53.553118666433065,-6.789292822901516,280291.0,256571.0
20543,53.515659472862616,-8.855882292800551,143273.0,252060.0
20600,54.051569725397385,-8.73426385371369,151957.0,311618.0
20466,52.865389745483725,-8.754775429756192,149217.0,179615.01
20134,53.2760536608729,-7.494908156037368,233744.0,225171.0
20156,52.803828394738645,-6.733392883005773,285472.0,173250.0
20536,53.77744473196951,-8.251820505236907,183447.0,280886.0
20249,52.72205371599879,-7.579834237489653,228440.0,163480.0
20687,53.83444167504821,-7.081929224371133,260492.0,287592.0
20300,51.907131876354796,-8.474511534920213,167393.0,72821.0
20206,52.26018579707088,-7.113675302414548,260568.78,112370.58
20311,52.013441532750655,-8.342032955518842,176566.0,84599.0
20586,53.79906591152995,-9.519427224337226,99932.0,284334.0
20172,52.335541940950115,-6.461992167659045,304886.0,121500.0
20331,51.82707155006393,-8.227820435058785,184343.0,63831.0
20199,52.981435992618856,-6.042625643127803,331516.0,194057.0
20544,53.67714359507181,-8.578412782687131,161825.0,269848.0
20493,53.0476075186584,-8.400134998385537,173214.0,199702.0
20332,51.9480639626009,-7.842756327526685,210862.0,77281.0
